Reports,No Finding,Enlarged Cardiomediastinum,Cardiomegaly,Lung Lesion,Lung Opacity,Edema,Consolidation,Pneumonia,Atelectasis,Pneumothorax,Pleural Effusion,Pleural Other,Fracture,Support Devices
a back board is present .,1,,,,,,,,,,,,,
a basal right chest tube is present .,1,,,,,,,,,,,,,1
a calcified granuloma is present in left lung apex .,,,,,,,,,,,,,,
a calcified granuloma is present in right upper lobe .,,,,,,,,,,,,,,
a calcified granuloma is present in the left lung apex .,,,,,,,,,,,,,,
a calcified granuloma is present in the left suprahilar region .,,,,,,,,,,,,,,
"a calcified granuloma is present in the left upper lobe , associated with calcifications in small regional left hilar lymph nodes .",,,,,,,,,,,,,,
a calcified granuloma is present in the right upper lobe .,,,,,,,,,,,,,,
a calcified granuloma may be present in the retrocardiac left lower lobe .,,,,,,,,,,,,,,
a calcified nodular opacity overlying the right hemidiaphragm may be a calcified pulmonary nodule .,,,,-1,1,,,,,,,,,
a catheter is present in right axillary vein .,1,,,,,,,,,,,,,1
a catheter is present in the basal left pleural space .,1,,,,,,,,,,,,,1
a catheter is present in the left hemithorax .,1,,,,,,,,,,,,,1
a catheter is present in the upper right arm .,1,,,,,,,,,,,,,1
a catheter is presumably located in the lateral-basal left pleural space .,1,,,,,,,,,,,,,1
a catheter projects over the upper thoracic spine .,1,,,,,,,,,,,,,1
a cavitary nodule is in the right upper lobe .,,,,1,,,,,,,,,,
a central venous catheter terminates in the upper third of svc .,1,,,,,,,,,,,,,1
a central venous catheter terminates in upper third of svc .,1,,,,,,,,,,,,,1
"a device , possibly a spinal stimulator device , projects over the mid thoracic spine .",1,,,,,,,,,,,,,1
a drainage catheter is present in the basal right pleural space .,1,,,,,,,,,,,,,1
a drainage tube is present in the right upper quadrant of abdomen .,1,,,,,,,,,,,,,1
a feeding tube is in the stomach .,1,,,,,,,,,,,,,1
a feeding tube traverses the esophagus into the stomach .,1,,,,,,,,,,,,,1
a feeding tube traverses the esophagus to the stomach .,1,,,,,,,,,,,,,1
a few calcified granulomas are possibly present in right lower lung .,,,,,,,,,,,,,,
"a few calcified pulmonary nodules are seen , compatible with old granulomatous disease .",,,,1,,,,,,,,,,
a few chronic fractures are seen in the right ribs .,,,,,,,,,,,,,1,
a few foci of subsegmental atelectasis are present in the left lower lung .,,,,,,,,,1,,,,,
a few healed rib fractures are noted .,,,,,,,,,,,,,1,
a few nodular opacities are seen .,,,,1,1,,,,,,,,,
a few nodular opacities are seen the right lung .,,,,1,1,,,,,,,,,
a few patchy bilateral pulmonary opacities .,,,,,1,,,,,,,,,
a few patchy consolidative or ground-glass opacities in the right lung .,,,,,1,,-1,,,,,,,
a few patchy left basilar opacities .,,,,,1,,,,,,,,,
"a few patchy opacities in the left mid lung zone , maybe due to ground-glass opacities , consolidation , or nodule .",,,,-1,1,,-1,,,,,,,
a few possible hazy bibasilar opacities .,,,,,-1,,,,,,,,,
a few surgical clips project over the subaortic window .,1,,,,,,,,,,,,,
a fixation plate is present in proximal right humerus .,1,,,,,,,,,,,,,1
a fluid level is present in the basal right pleural space .,1,,,,,,,,,,,,,
a focus of subsegmental atelectasis is present adjacent to the right minor fissure .,,,,,,,,,1,,,,,
a focus subsegmental atelectasis is present in the left lower lung .,,,,,,,,,1,,,,,
a gastric and feeding tubes traverses the esophagus to the stomach .,1,,,,,,,,,,,,,1
a gastric tube is adequately positioned .,1,,,,,,,,,,,,,1
a gastric tube is in the stomach .,1,,,,,,,,,,,,,1
a gastric tube is in the upper stomach .,1,,,,,,,,,,,,,1
a gastric tube is located in the stomach .,1,,,,,,,,,,,,,1
a gastric tube terminates in the gastric fundus .,1,,,,,,,,,,,,,1
a gastric tube terminates in the upper gastric body .,1,,,,,,,,,,,,,1
a gastric tube terminates in the upper stomach .,1,,,,,,,,,,,,,1
a gastric tube traverses the esophagus and terminates in the upper stomach .,1,,,,,,,,,,,,,1
a gastric tube traverses the esophagus into the stomach .,1,,,,,,,,,,,,,1
a gastric tube traverses the esophagus to the stomach .,1,,,,,,,,,,,,,1
a gastric tube traverses the esophagus towards the stomach .,1,,,,,,,,,,,,,1
a healed fracture is present in the posterior-lateral right seventh rib .,,,,,,,,,,,,,1,
a healed fracture is present in the right fourth rib .,,,,,,,,,,,,,1,
a large esophageal hiatus hernia is present .,,,,,,,,,,,,,,
a large right pleural effusion is present .,,,,,,,,,,,1,,,
a larger opacity is likely present in the superior segment of left lower lobe .,,,,,1,,,,,,,,,
a layering small right basilar pleural effusion .,,,,,,,,,,,1,,,
a lead is present in the right atrial appendage .,1,,,,,,,,,,,,,
a left apically directed thoracostomy tube .,1,,,,,,,,,,,,,1
a left chest tube .,1,,,,,,,,,,,,,1
a left chest tube is present .,1,,,,,,,,,,,,,1
a left pectoral pacemaker device is present .,1,,,,,,,,,,,,,1
a left pectoral pacemaker with lead tip the right atrial appendage and right ventricle .,1,,,,,,,,,,,,,1
a left pectoral signal generator is present with intact vagal stimulating leads .,1,,,,,,,,,,,,,
a left pleural effusion with apical and lateral extension .,,,,,,,,,,,1,,,
a left pleural fluid is questionably present .,,,,,,,,,,,1,,,
a left pleural space drainage tube is present .,1,,,,,,,,,,,,,1
a mechanical aortic valve device is present .,1,,,,,,,,,,,,,1
a mechanical aortic valve is present .,1,,,,,,,,,,,,,1
a mitral valve annuloplasty device is present .,1,,,,,,,,,,,,,1
a moderate amount of left pleural fluid is present .,,,,,,,,,,,1,,,
a moderate amount of right basal pleural fluid is present .,,,,,,,,,,,1,,,
a moderate amount of right pleural fluid is present .,,,,,,,,,,,1,,,
a moderate size hiatal hernia is present .,,,,,,,,,,,,,,
a moderate-sized right pleural effusion is present .,,,,,,,,,,,1,,,
a nasogastric tube is curled in the gastroesophageal junction .,1,,,,,,,,,,,,,1
a nodular opacity is present in the basal left hemithorax .,,,,1,1,,,,,,,,,
"a nodular opacity is questionably present , projecting over the right anterior-lateral fourth rib .",,,,1,1,,,,,,,,,
"a nodular opacity is questionably present in the left lung apex , possibly associated with cavitation .",,,,1,1,,,,,,,,,
a nodular opacity projects between the right anterior fourth and fifth ribs .,,,,1,1,,,,,,,,,
a nodular opacity projects over the left anterior fourth / fifth ribs .,,,,1,1,,,,,,,,,
a nodular opacity projects over the right anterior sixth rib .,,,,1,1,,,,,,,,,
"a non-connected pacemaker lead is present on the left side , possibly in a persistent left superior vena cava .",1,,,,,,,,,,,,,1
a pacemaker lead is located in the right ventricle .,1,,,,,,,,,,,,,1
a peripheral hazy parenchymal opacity within the left mid lung .,,,,,1,,,,,,,,,
a pleural drainage catheter is present in the lateral-basal right hemothorax .,1,,,,,,,,,,,,,1
a pleural plaque is questionably present in the right hemithorax .,,,,,,,,,,,,,,
a prosthetic aortic valve device is present .,1,,,,,,,,,,,,,1
a prosthetic cardiac valve is present .,1,,,,,,,,,,,,,1
"a questionable abnormal left suprahilar mediastinal contour is present , and this may represent mediastinal fluid .",,-1,,,,,,,,,,,,
"a right pectoral pacemaker device is present , with intact leads in the right atrial appendage and right ventricle .",1,,,,,,,,,,,,,1
a right picc is present .,1,,,,,,,,,,,,,1
a right pleural effusion is present .,,,,,,,,,,,1,,,
a right pleural space drainage tube is present .,1,,,,,,,,,,,,,1
a right subclavian vein catheter is properly positioned .,1,,,,,,,,,,,,,1
a rounded opacity is present in the left upper lobe .,,,,,1,,,,,,,,,
"a second nodular opacity is questionably present in the apical right hemithorax , projecting over the posterior arch of the right rib .",,,,1,1,,,,,,,,,
"a slight rightward deviation of the trachea is present above the thoracic inlet , consistent with a goiter .",1,,,,,,,,,,,,,
a slightly larger right pleural effusion is present .,,,,,,,,,,,1,,,
a small amount of fluid is present in superior left major fissure .,,,,,,,,,,,,,,
a small amount of gas underneath the right hemidiaphragm noted .,1,,,,,,,,,,,,,
a small amount of left basal pleural fluid is likely present .,,,,,,,,,,,1,,,
a small amount of left basal pleural fluid is questionably present .,,,,,,,,,,,1,,,
a small amount of left pleural fluid is likely present .,,,,,,,,,,,1,,,
a small amount of pleural air is likely present in the lateral-basal right hemithorax .,1,,,,,,,,,,,,,
a small amount of pleural fluid and / or thickening is likely present in the basal left hemithorax .,,,,,,,,,,,1,,,
a small amount of pleural fluid and / or thickening is present in the basal left hemithorax .,,,,,,,,,,,1,,,
small amount of pleural fluid is present in the basal left hemithorax,,,,,,,,,,,1,,,
a small amount of right pleural fluid is questionably present,,,,,,,,,,,1,,,
a small amount of pleural fluid and air are present in the apical right hemithorax .,,,,,,,,,,,1,,,
a small amount of pleural fluid is present in the apical-lateral right hemithorax .,,,,,,,,,,,1,,,
a small amount of pleural fluid is present in the basal left hemithorax,,,,,,,,,,,1,,,
a small amount of pleural fluid is questionably present in the basal left pleural space .,,,,,,,,,,,1,,,
a small amount of pleural fluid with thickening is present in the apical right hemithorax .,,,,,,,,,,,1,,,
a small amount of pleural or extrapleural fluid is likely present in apical left hemithorax .,,,,,,,,,,,-1,,,
a small amount of right apical pleural fluid is present .,,,,,,,,,,,1,,,
a small amount of right basal pleural fluid is likely present .,,,,,,,,,,,1,,,
a small amount of right basal pleural fluid is present .,,,,,,,,,,,1,,,
a small amount of right basal pleural fluid is questionably present .,,,,,,,,,,,1,,,
a small amount of right pleural fluid is present .,,,,,,,,,,,1,,,
a small amount of right pleural fluid is present in the basal and apical hemithoraces on the right side .,,,,,,,,,,,1,,,
a small focus of consolidation with left thoracostomy tube .,,,,,,,1,,,,,,,1
a small left apical pneumothorax .,,,,,,,,,,1,,,,
a small left apical pneumothorax is likely present .,,,,,,,,,,1,,,,
a small left apical pneumothorax is possibly present .,,,,,,,,,,1,,,,
a small left pleural effusion .,,,,,,,,,,,1,,,
a small left pleural effusion is possibly present .,,,,,,,,,,,1,,,
a small left pleural effusion is present .,,,,,,,,,,,1,,,
a small left pleural effusion is questionably present .,,,,,,,,,,,1,,,
a small nodular focus of consolidation is seen in the left mid lung .,,,,,,,1,,,,,,,
a small nodular is questionably present in right upper lobe .,1,,,,,,,,,,,,,
a small nodular opacity is possibly present in the peripheral and lower right lung near the lateral costophrenic sulcus .,,,,1,1,,,,,,,,,
a small nodular opacity is present in the peripheral and lower right lung .,,,,1,1,,,,,,,,,
"a small nodule may be present in the apical left lung , projecting between the left fourth and fifth ribs .",,,,-1,,,,,,,,,,
a small pneumothorax is likely present in the basal left hemithorax .,,,,,,,,,,1,,,,
a small right apical pneumothorax is present .,,,,,,,,,,1,,,,
a small right basal pleural effusion is likely present .,,,,,,,,,,,1,,,
a small right basal pleural effusion is possibly present .,,,,,,,,,,,1,,,
a small right pleural effusion .,,,,,,,,,,,1,,,
a small right pleural effusion is likely present .,,,,,,,,,,,1,,,
a small right pleural effusion is possibly present .,,,,,,,,,,,1,,,
a small right pleural effusion is present .,,,,,,,,,,,1,,,
a small right pleural effusion is questionably present .,,,,,,,,,,,1,,,
a small right pneumothorax is present .,,,,,,,,,,1,,,,
a small-moderate left pleural effusion .,,,,,,,,,,,1,,,
a subcentimeter calcified granuloma is likely present in the mid left lung .,,,,,,,,,,,,,,
a subcentimeter calcified granuloma is likely present in the right upper lobe .,,,,,,,,,,,,,,
a subsegmental-size opacity is present in the peripheral and lower right hemithorax .,,,,,1,,,,,,,,,
a subset appears nodular .,1,,,,,,,,,,,,,
a substantial portion of the stomach is located within an esophageal hiatus hernia .,,,,,,,,,,,,,,
a surgical device projects over right hemithorax .,1,,,,,,,,,,,,,1
a surgical drain may be present in right upper quadrant of the abdomen .,1,,,,,,,,,,,,,-1
a tricuspid annuloplasty device is present .,1,,,,,,,,,,,,,1
a very small amount of left pleural air is likely present in the left perihilar region .,1,,,,,,,,,,,,,
a very small amount of pleural air is present in the apical right pleural space .,1,,,,,,,,,,,,,
a very small amount of pleural air is present lateral to the right upper lobe .,1,,,,,,,,,,,,,
a very small amount of pleural fluid is present in right major fissure .,,,,,,,,,,,1,,,
a very small left apical pneumothorax is present .,,,,,,,,,,1,,,,
abnormal configuration of the ribs .,1,,,,,,,,,,,,,
"abnormal convex curvature of the right mediastinum , maybe due to a pericardial cyst or lymphadenopathy .",,1,,,,,,,,,,,,
"abnormal opacity in the basal right hemithorax is likely a combination of right pleural fluid , atelectatic or consolidated lung .",,,,,1,,-1,,-1,,1,,,
abnormal opacity in the basilar right hemithorax is likely atelectasis involving the right lower and middle lobes .,,,,,1,,,,1,,,,,
abnormal opacity is questionably present in the upper and medial right upper lobe .,,,,,1,,,,,,,,,
abnormal superior mediastinal widening .,1,,,,,,,,,,,,,
abnormally wide superior mediastinal contour .,,1,,,,,,,,,,,,
abrupt cut off of the bronchus intermedius and opacity of the right lung base which may represent consolidation or atelectasis .,,,,,1,,-1,,-1,,,,,
accessed left port catheter tip projects over the lower svc .,1,,,,,,,,,,,,,1
accessed right port catheter tip projects over the superior cavoatrial junction .,1,,,,,,,,,,,,,1
acute appearing right rib fractures .,,,,,,,,,,,,,1,
acute displaced fractures of the posterolateral left second-third ribs .,,,,,,,,,,,,,1,
acute displaced right lower rib fracture .,,,,,,,,,,,,,1,
acute fracture of a lateral right mid rib .,,,,,,,,,,,,,1,
acute fractures are present in the posterior lateral right and sixth ribs .,,,,,,,,,,,,,1,
acute left upper rib cage fractures are present .,,,,,,,,,,,,,1,
acute left upper rib fractures .,,,,,,,,,,,,,1,
acute rib fractures involve the posterior-lateral portions of the left fifth through seventh ribs .,,,,,,,,,,,,,1,
acute right lateral rib fracture .,,,,,,,,,,,,,1,
"additional dense nodular opacity projecting over the left lung , also likely represents calcified granuloma .",,,,1,1,,,,,,,,,
"additionally , cholecystectomy clips are present .",1,,,,,,,,,,,,,
"additionally , there are a few nodular opacities in the periphery of the right upper lung .",,,,1,1,,,,,,,,,
"additionally , there are comminuted fractures of the right scapula and right clavicle .",,,,,,,,,,,,,1,
"additionally , there are multifocal bilateral ground-glass opacities .",,,,,1,,,,,,,,,
"additionally , there is soft tissue emphysema at left chest wall and inferior neck .",,,,,,,,,,,,,,
"additionally , there is vascular stents projecting over the left axilla .",1,,,,,,,,,,,,,
additionally there are a few fine linear opacities .,,,,,1,,,,,,,,,
additionally there is a displaced left clavicular fracture .,,,,,,,,,,,,,1,
additionally there is a second left thoracostomy tube with side port projecting over the left lower ribs .,1,,,,,,,,,,,,,1
additionally there is peribronchial thickening .,,,,,1,,,,,,,,,
adjacent ground-glass opacities or consolidation .,,,,,-1,,-1,,,,,,,
adjacent linear parenchymal opacities may represent areas of atelectasis or scarring .,,,,,1,,,,-1,,,,,
"adult sternotomy wires , some of which are fractured , are also present .",,,,,,,,,,,,,1,
age indeterminate right fourth rib fracture .,,,,,,,,,,,,,1,
air and fluid are present in the left hemithorax .,1,,,,,,,,,,,,,
air presumably within the gastric bubble projects over the left lower hemithorax .,1,,,,,,,,,,,,,
air-filled loops of bowel in the left upper quadrant of the abdomen .,1,,,,,,,,,,,,,
airspace opacities in the left lung consistent with pulmonary edema or infection .,,,,,1,-1,,-1,,,,,,
airway wall thickening .,,,,,1,,,,,,,,,
airway wall thickening is present within the medial lung bases .,,,,,1,,,,,,,,,
airway wall thickening versus pulmonary edema .,,,,,-1,-1,,,,,,,,
airway wall thickening with patchy nodules versus multifocal mucus plugging .,,,,-1,1,,,,,,,,,
an acute displaced fracture involves a lower left rib .,,,,,,,,,,,,,1,
an acute fracture involves the posterior arches of the right fourth and fifth ribs .,,,,,,,,,,,,,1,
an additional acute fracture involves the lateral portion of the right sixth rib in two places .,,,,,,,,,,,,,1,
an additional device may be present in relation to the heart basal left hemithorax .,,,1,,,,,,,,,,,-1
an aortic valve device is present .,1,,,,,,,,,,,,,1
an endotracheal tube is properly positioned .,1,,,,,,,,,,,,,1
an enteral tube is in the stomach .,1,,,,,,,,,,,,,1
an esophageal hiatus hernia is present .,,,,,,,,,,,,,,
an intact fusion device is present in the lower cervical spine .,1,,,,,,,,,,,,,1
an intact fusion plate is present in the lower cervical spine .,1,,,,,,,,,,,,,1
an ng tube is in the stomach .,1,,,,,,,,,,,,,1
and likely left pleural calcifications well .,,,,,,,,,,,,,,
aorta is elongated .,1,,,,,,,,,,,,,
aortic and mitral valve prostheses .,1,,,,,,,,,,,,,1
aortic and tricuspid valve devices are present .,1,,,,,,,,,,,,,1
aortic and tricuspid valvular prosthetic devices .,1,,,,,,,,,,,,,1
aortic knob calcification .,,,,,,,,,,,,,,
aortic knob is enlarged .,1,,,,,,,,,,,,,
aortic knob is mildly enlarged .,1,,,,,,,,,,,,,
aortic knob is prominent .,,,,,,,,,,,,,,
aortic knob probably enlarged .,1,,,,,,,,,,,,,
aortic stent projects over the aortic arch and descending thoracic aorta .,1,,,,,,,,,,,,,
aortic valve prosthesis .,1,,,,,,,,,,,,,1
aortic valve prosthesis is present .,1,,,,,,,,,,,,,1
aortic valvular prosthetic device .,1,,,,,,,,,,,,,1
apex right curvature of the thoracic spine .,1,,,,,,,,,,,,,
apparatus acceptable .,1,,,,,,,,,,,,,1
apparent haziness in the lower lungs bilaterally likely represents overlying soft tissue although there is also likely mild atelectasis .,,,,,,,,,1,,,,,
ascending aorta is mildly tortuous .,1,,,,,,,,,,,,,
ascending thoracic aorta is enlarged .,1,,,,,,,,,,,,,
"asymmetric hazy opacity overlying the left hemithorax , maybe due to effusion with atelectasis .",,,,,1,,,,1,,1,,,
asymmetric low volume of the left lung .,1,,,,,,,,,,,,,
asymmetric lucency of the left hemithorax .,1,,,,,,,,,,,,,
asymmetrically small left lung .,1,,,,,,,,,,,,,
atelectasis .,,,,,,,,,1,,,,,
atelectasis versus edema or ground-glass opacities in the left lung .,,,,,1,-1,,,-1,,,,,
atelectasis versus ground-glass opacities or consolidation in the left lung .,,,,,-1,,-1,,-1,,,,,
"atheromatous calcification of the aortic arch , otherwise normal cardiomediastinal silhouette .",,0,,,,,,,,,,,,
"atheromatous calcification of the aortic arch , otherwise the cardiomediastinal silhouette is within normal for technique .",1,0,,,,,,,,,,,,
"atheromatous calcification of the aortic arch , otherwise visualized portions of the cardiomediastinal silhouette are normal .",1,0,,,,,,,,,,,,
atheromatous calcification of the aortic arch .,,,,,,,,,,,,,,
"atheromatous calcification of the aortic arch and descending thoracic aorta , otherwise cardiomediastinal silhouette is within normal for technique .",1,0,,,,,,,,,,,,
"atheromatous calcification of the thoracic aorta , otherwise normal cardiomediastinal silhouette .",,0,,,,,,,,,,,,
atheromatous calcification of the thoracic aorta .,,,,,,,,,,,,,,
atheromatous calcifications of the aortic arch .,,,,,,,,,,,,,,
atheromatous calcifications of the thoracic aorta .,,,,,,,,,,,,,,
atheromatous calcifications of the upper abdominal arteries .,,,,,,,,,,,,,,
atheromatous calcifications project over at the aortic arch .,,,,,,,,,,,,,,
"atheromatous plaque of the aortic arch , otherwise normal cardiomediastinal silhouette .",,0,,,,,,,,,,,,
azygos vein is distended .,1,,,,,,,,,,,,,
azygos vein may be distended .,1,,,,,,,,,,,,,
band-like atelectasis in the mid left lung .,,,,,,,,,1,,,,,
"band-like opacities in the left lung , probable subsegmental atelectasis .",,,,,1,,,,-1,,,,,
band-like opacities in the left lung likely represent regions of multisegmental atelectasis .,,,,,1,,,,1,,,,,
"band-like opacities in the right lung , probable subsegmental atelectasis .",,,,,1,,,,-1,,,,,
band-like opacities in the right upper and lower lungs are compatible with foci subsegmental atelectasis or scarring .,,,,,1,,,,1,,,,,
"band-like opacities projecting over the right mid lung and within the left lower lung may represent areas of atelectasis , or aspiration .",,,,,1,,,,-1,,,,,
band-like opacity in the left lower lung may represent atelectasis or consolidation .,,,,,1,,-1,,-1,,,,,
"band-like opacity in the right lung base with adjacent basilar lucency may represent atelectasis , cannot exclude pneumoperitoneum .",,,,,1,,,,-1,,,,,
band-like subsegmental atelectasis in the right lower lobe .,,,,,,,,,1,,,,,
basal pleural effusions are questionably present .,,,,,,,,,,,1,,,
basal pleural fluid is very likely present .,,,,,,,,,,,1,,,
basal predominant patchy opacities may represent ground-glass opacity or atelectasis .,,,,,1,,,,-1,,,,,
basilar and peripheral predominant reticular opacities are favored to represent areas of pulmonary fibrosis .,,,,,1,,,,,,,1,,
basilar atelectasis .,,,,,,,,,1,,,,,
basilar atelectasis versus consolidation .,,,,,,,-1,,-1,,,,,
basilar atelectasis versus ground-glass opacities / consolidation .,,,,,1,,1,,-1,,,,,
basilar bilateral consolidative opacities .,,,,,1,,1,,,,,,,
basilar hazy opacities likely represent areas of subsegmental atelectasis .,,,,,1,,,,1,,,,,
basilar hazy parenchymal opacities may represent atelectasis or ground-glass opacity .,,,,,1,,,,-1,,,,,
basilar likely atelectasis noted .,,,,,,,,,1,,,,,
basilar parenchymal opacities may represent atelectasis or consolidation .,,,,,1,,-1,,-1,,,,,
basilar predominant consolidation noted .,,,,,,,1,,,,,,,
basilar predominant irregular opacities may represent areas of fibrosis or consolidation .,,,,,1,,-1,,,,,-1,,
"basilar predominant opacities may represent aspiration , edema , or consolidation .",,,,,1,-1,-1,,,,,,,
basilar predominant opacities may represent edema or ground-glass opacities .,,,,,1,-1,,,,,,,,
basilar predominant parenchymal opacities may represent aspiration or consolidation .,,,,,1,,-1,,,,,,,
basilar predominant patchy bilateral parenchymal consolidative opacities .,,,,,1,,1,,,,,,,
basilar predominant patchy parenchymal opacities may represent edema or consolidation .,,,,,1,-1,-1,,,,,,,
there are patchy parenchymal opacities in the lower lungs,,,,,1,-1,-1,,,,,,,
"basilar predominant peribronchial thickening may represent findings of consolidation , aspiration or edema .",,,,,1,-1,-1,,,,,,,
basilar predominant peribronchovascular thickening may represent interstitial edema or ground-glass opacities .,,,,,-1,-1,,,,,,,,
basilar predominant perihilar ground-glass opacity likely represents edema or atelectasis .,,,,,1,-1,,,-1,,,,,
"basilar predominant reticular opacities may represent findings of chronic aspiration , pulmonary fibrosis , or less likely pulmonary edema .",,,,,1,-1,,,,,,-1,,
basilar right pleural effusion with adjacent atelectasis .,,,,,,,,,1,,1,,,
biapical pleural thickening noted .,,,,,,,,,,,,1,,
biapical pleural thickening versus pleural fluid .,,,,,,,,,,,-1,-1,,
bibasilar atelectasis .,,,,,,,,,1,,,,,
bibasilar atelectasis is noted .,,,,,,,,,1,,,,,
bibasilar atelectasis noted .,,,,,,,,,1,,,,,
"bibasilar atelectasis obscuring the cardiac silhouette , superimposed consolidation not excluded .",,,0,,,,-1,,-1,,,,,
bibasilar atelectasis or consolidation .,,,,,,,-1,,1,,,,,
bibasilar atelectasis or consolidation noted .,,,,,,,-1,,1,,,,,
bibasilar atelectasis versus consolidation .,,,,,,,-1,,1,,,,,
bibasilar atelectasis versus ground-glass opacities .,,,,,1,,,,-1,,,,,
bibasilar atelectasis versus ground-glass opacities / consolidation .,,,,,1,,1,,-1,,,,,
"bibasilar consolidation versus multisegmental atelectasis , greater than right .",,,,,,,-1,,-1,,,,,
bibasilar consolidation versus subsegmental atelectasis .,,,,,,,-1,,-1,,,,,
bibasilar ground-glass opacities .,,,,,1,,,,,,,,,
bibasilar ground-glass opacities or consolidation .,,,,,-1,,-1,,,,,,,
bibasilar ground-glass opacities versus atelectasis .,,,,,-1,,,,-1,,,,,
bibasilar hazy opacities likely represent atelectasis .,,,,,1,,,,1,,,,,
bibasilar hazy parenchymal opacities may represent aspiration or atelectasis .,,,,,1,,,,-1,,,,,
bibasilar hazy parenchymal opacities may represent atelectasis or aspiration .,,,,,1,,,,-1,,,,,
bibasilar hazy parenchymal opacities may represent ground-glass opacity or atelectasis .,,,,,1,,,,-1,,,,,
bibasilar layering opacities likely represent pleural fluid and adjacent atelectasis .,,,,,1,,,,1,,1,,,
"bibasilar linear opacities , probable subsegmental atelectasis .",,,,,1,,,,-1,,,,,
bibasilar linear opacities likely represent atelectasis .,,,,,1,,,,1,,,,,
bibasilar linear opacities likely represent subsegmental atelectasis .,,,,,1,,,,1,,,,,
bibasilar opacities could represent atelectasis or consolidation .,,,,,1,,-1,,-1,,,,,
bibasilar opacities could represent superimposed atelectasis or consolidation .,,,,,1,,-1,,-1,,,,,
bibasilar opacities likely represent a combination of atelectasis and effusion .,,,,,1,,,,1,,1,,,
bibasilar opacities likely represent a combination of pleural fluid and parenchymal abnormality .,,,,,1,,,,,,1,,,
bibasilar opacities likely represent atelectasis .,,,,,1,,,,1,,,,,
bibasilar opacities likely represent atelectasis or consolidation .,,,,,1,,-1,,-1,,,,,
bibasilar opacities may represent atelectasis .,,,,,1,,,,-1,,,,,
bibasilar opacities may represent atelectasis or consolidation .,,,,,1,,-1,,-1,,,,,
bibasilar opacities may represent consolidation or atelectasis .,,,,,1,,-1,,-1,,,,,
bibasilar opacities may represent ground-glass opacities or atelectasis .,,,,,1,,,,-1,,,,,
bibasilar opacities may represent pleural effusion or atelectasis or consolidation .,,,,,1,,-1,,-1,,-1,,,
bibasilar opacities maybe due to atelectasis .,,,,,1,,,,1,,,,,
bibasilar opacities maybe due to atelectasis or edema .,,,,,1,-1,,,-1,,,,,
bibasilar opacities most likely represent atelectasis .,,,,,1,,,,1,,,,,
bibasilar opacities obscure cardiac silhouette .,,,0,,-1,,,,,,,,,
bibasilar opacity could represent ground-glass opacity due to aspiration .,,,,,1,,,,,,,,,
bibasilar opacity may represent atelectasis or consolidation .,,,,,1,,-1,,-1,,,,,
"bibasilar parenchymal opacities , right greater than left .",,,,,1,,,,,,,,,
bibasilar parenchymal opacities .,,,,,1,,,,,,,,,
"bibasilar parenchymal opacities and small bilateral pleural effusions , possibly .",,,,,-1,,,,,,1,,,
bibasilar parenchymal opacities likely represent consolidation .,,,,,1,,1,,,,,,,
"bibasilar parenchymal opacities may represent atelectasis , aspiration , or consolidation .",,,,,1,,-1,,-1,,,,,
bibasilar parenchymal opacities may represent atelectasis or consolidation .,,,,,1,,-1,,-1,,,,,
bibasilar parenchymal opacities may represent consolidation or atelectasis .,,,,,1,,-1,,-1,,,,,
bibasilar parenchymal-pleural abnormalities .,1,,,,,,,,,,,,,
bibasilar patchy consolidation .,,,,,,,1,,,,,,,
"bibasilar peribronchial cuffing , probable edema .",,,,,,1,,,,,,,,
bibasilar pleural effusion .,,,,,,,,,,,1,,,
bibasilar pleural effusions .,,,,,,,,,,,1,,,
bibasilar pleural effusions with superimposed atelectasis versus consolidation .,,,,,,,-1,,-1,,1,,,
bibasilar pleural space pigtail drainage catheters .,1,,,,,,,,,,,,,1
bibasilar pleural-parenchymal opacities may represent atelectasis or pleural fluid .,,,,,1,,,,-1,,-1,,,
"bibasilar predominant bilateral parenchymal opacities , likely consolidative .",,,,,1,,1,,,,,,,
bibasilar predominant ground-glass opacities are noted and may represent fibrosis .,,,,,1,,,,,,,-1,,
bibasilar predominant hazy bilateral parenchymal opacities likely represent pulmonary edema and layering small pleural effusions .,,,,,1,1,,,,,1,,,
bibasilar predominant hazy parenchymal opacities .,,,,,1,,,,,,,,,
bibasilar predominant linear and hazy opacities may represent areas of subsegmental atelectasis or ground-glass opacity .,,,,,1,,,,-1,,,,,
bibasilar predominant parenchymal opacities .,,,,,1,,,,,,,,,
bibasilar predominant parenchymal opacities may represent atelectasis or edema .,,,,,1,-1,,,-1,,,,,
bibasilar predominant scattered linear opacities may represent areas of atelectasis or scarring .,,,,,1,,,,-1,,,,,
bibasilar reticular abnormality .,,,,,,,,,,,,,,
bibasilar reticular opacities may represent sequela of chronic aspiration or pulmonary fibrosis .,,,,,1,,,,,,,-1,,
bibasilar small pleural effusions and parenchymal opacities .,,,,,1,,,,,,1,,,
bibasilar subsegmental atelectasis .,,,,,,,,,1,,,,,
bibasilar subsegmental atelectasis versus consolidation .,,,,,,,-1,,-1,,,,,
bibasilar subsegmental atelectasis versus ground-glass opacity .,,,,,-1,,,,-1,,,,,
bibasilar subsegmental-segmental atelectasis .,,,,,,,,,1,,,,,
"bibasilar subsegmental-sized opacities likely represent atelectasis , less likely consolidation .",,,,,1,,1,,1,,,,,
"bilateral , diffuse interstitial and alveolar lung edema is present .",,,,,,1,,,,,,,,
"bilateral , diffuse lung consolidation is present , consistent with acute lung injury edema .",,,,,,1,1,,,,,,,
"bilateral , left greater than right , hazy parenchymal opacities , likely represents pulmonary edema .",,,,,1,1,,,,,,,,
bilateral atelectasis versus edema versus pneumonia .,,,,,,-1,,-1,-1,,,,,
bilateral basilar atelectasis versus ground-glass opacities or consolidation .,,,,,-1,,-1,,-1,,,,,
bilateral basilar predominant parenchymal opacities likely represent consolidation .,,,,,1,,1,,,,,,,
bilateral chest tubes are noted .,1,,,,,,,,,,,,,1
"bilateral consolidation , ground-glass opacities , or edema .",,,,,-1,-1,-1,,,,,,,
bilateral consolidative opacities are present .,,,,,1,,1,,,,,,,
bilateral consolidative parenchymal opacities .,,,,,1,,1,,,,,,,
"bilateral diffuse lung consolidation is present , consistent with lung edema .",,,,,,1,1,,,,,,,
"bilateral edema , consolidation , ground-glass opacities .",,,,,1,1,1,,,,,,,
"bilateral edema , ground-glass opacities , or consolidation .",,,,,-1,-1,-1,,,,,,,
"bilateral edema , ground-glass opacities , or infection .",,,,,-1,-1,,-1,,,,,,
bilateral edema and / or ground-glass opacities .,,,,,-1,1,,,,,,,,
bilateral edema versus ground-glass opacities .,,,,,1,-1,,,,,,,,
bilateral effusions .,,,,,,,,,,,1,,,
bilateral effusions and possible mild pulmonary edema .,,,,,,-1,,,,,1,,,
bilateral effusions with adjacent atelectasis .,,,,,,,,,1,,1,,,
bilateral effusions with probable adjacent atelectasis .,,,,,,,,,-1,,1,,,
bilateral enlarged hilum likely due to enlarged pulmonary arteries .,1,,,,,,,,,,,,,
bilateral generators with cranially directed leads .,1,,,,,,,,,,,,,
bilateral ground-glass and / or reticular opacities .,,,,,-1,,,,,,,,,
"bilateral ground-glass opacities , consolidation , or edema .",,,,,-1,-1,-1,,,,,,,
bilateral ground-glass opacities and / or edema .,,,,,1,-1,,,,,,,,
bilateral ground-glass opacities or edema .,,,,,-1,-1,,,,,,,,
bilateral hazy parenchymal opacities .,,,,,1,,,,,,,,,
bilateral hazy parenchymal opacities and consolidative opacity in the right upper lung .,,,,,1,,1,,,,,,,
bilateral hazy parenchymal opacities may represent consolidation or edema .,,,,,1,-1,-1,,,,,,,
bilateral hilar enlargement is likely due to enlarged pulmonary arteries .,1,,,,,,,,,,,,,
bilateral hilar enlargement is likely present .,1,,,,,,,,,,,,,
bilateral hilar enlargement likely represents lymphadenopathy .,1,,,,,,,,,,,,,
bilateral hilar enlargement likely secondary to enlarged pulmonary arteries and pulmonary hypertension .,,,,,,,,,,,,,,
bilateral ij central venous catheters with tips projecting over the superior svc .,1,,,,,,,,,,,,,1
bilateral infrahilar ground-glass opacities likely represent subsegmental atelectasis .,,,,,1,,,,1,,,,,
bilateral infrahilar opacities likely represent atelectasis .,,,,,1,,,,1,,,,,
bilateral infrahilar parenchymal opacities may represent aspiration or consolidation .,,,,,1,,-1,,,,,,,
bilateral interstitial lung edema is present .,,,,,1,1,,,,,,,,
bilateral layering pleural effusions .,,,,,,,,,,,1,,,
bilateral layering pleural effusions and bibasilar consolidation or atelectasis .,,,,,,,1,,-1,,1,,,
bilateral left and right jugular vein catheters are present .,1,,,,,,,,,,,,,1
"bilateral linear opacities , maybe due to fibrosing interstitial lung disease .",,,,,1,,,,,,,,,
bilateral linear opacities are favored to represent interstitial pulmonary edema .,,,,,1,1,,,,,,,,
"bilateral mediastinal contour abnormalities are present , consistent with distended right brachiocephalic and left subclavian arteries .",,1,,,,,,,,,,,,
bilateral multifocal parenchymal opacities .,,,,,1,,,,,,,,,
bilateral nodular opacities may represent septic emboli or pulmonary metastasis .,,,,1,1,,,,,,,,,
bilateral opacities maybe due to effusions with superimposed atelectasis versus consolidation .,,,,,1,,-1,,-1,,1,,,
"bilateral parenchymal opacities are present within the mid and lower lung bases , particularly on the right .",,,,,1,,,,,,,,,
bilateral parenchymal opacities may represent edema or areas of atelectasis .,,,,,1,-1,,,-1,,,,,
bilateral parenchymal opacities may represent edema or ground-glass opacity .,,,,,1,-1,,,,,,,,
"bilateral patchy and reticular parenchymal opacities , basilar predominant .",,,,,1,,,,,,,,,
bilateral patchy and reticular parenchymal opacities .,,,,,1,,,,,,,,,
bilateral patchy consolidation and ground-glass opacities .,,,,,1,,1,,,,,,,
bilateral patchy ground-glass opacities .,,,,,1,,,,,,,,,
bilateral patchy opacities consistent with consolidation or pulmonary edema .,,,,,1,-1,-1,,,,,,,
"bilateral patchy parenchymal opacities , compatible with consolidation .",,,,,1,,1,,,,,,,
"bilateral patchy perihilar opacities , right greater than left , consistent with pulmonary edema or consolidation .",,,,,1,-1,-1,,,,,,,
bilateral peribronchial cuffing consistent with pulmonary edema .,,,,,,1,,,,,,,,
"bilateral peribronchial cuffing versus airwall thickening , pulmonary edema versus bronchial inflammation .",,,,,-1,-1,,,,,,,,
bilateral peribronchial thickening and subpleural reticular opacities .,,,,,1,,,,,,,,,
bilateral peribronchial thickening consistent with pulmonary edema .,,,,,1,1,,,,,,,,
bilateral perihilar and basilar ground-glass opacities .,,,,,1,,,,,,,,,
bilateral perihilar ground-glass opacities .,,,,,1,,,,,,,,,
bilateral perihilar peribronchial thickening and streaky opacities .,,,,,1,,,,,,,,,
"bilateral peripheral linear opacities , maybe due to fibrosing interstitial lung disease .",,,,,1,,,,,,,,,
bilateral peripheral reticular opacities maybe due to interstitial lung disease .,,,,,1,,,,,,,,,
"bilateral pleural effusions , left greater than right .",,,,,,,,,,,1,,,
"bilateral pleural effusions , right greater than left .",,,,,,,,,,,1,,,
bilateral pleural effusions .,,,,,,,,,,,1,,,
bilateral pleural effusions and patchy bilateral lower lobe consolidation .,,,,,,,1,,,,1,,,
bilateral pleural effusions and pulmonary opacities .,,,,,1,,,,,,1,,,
bilateral pleural effusions are noted .,,,,,,,,,,,1,,,
bilateral pleural effusions are present .,,,,,,,,,,,1,,,
bilateral pleural effusions noted .,,,,,,,,,,,1,,,
"bilateral pleural effusions with adjacent atelectasis , compromising evaluation of the mediastinum .",,1,,,,,,,1,,1,,,
bilateral pleural effusions with adjacent atelectasis .,,,,,,,,,1,,1,,,
bilateral pleural effusions with probable adjacent atelectasis .,,,,,,,,,-1,,1,,,
"bilateral pleural effusions with superimposed atelectasis , consolidation , or ground-glass opacities .",,,,,-1,,-1,,-1,,1,,,
"bilateral pleural effusions with superimposed atelectasis , ground-glass opacities , or consolidation .",,,,,-1,,-1,,-1,,1,,,
"bilateral pleural effusions with superimposed atelectasis , ground-glass opacities , or edema .",,,,,-1,-1,,,-1,,1,,,
bilateral pleural effusions with superimposed atelectasis or consolidation .,,,,,,,-1,,-1,,1,,,
"bilateral pleural effusions with superimposed atelectasis versus consolidation , silhouetting the heart .",,,1,,,,-1,,-1,,1,,,
bilateral pleural effusions with superimposed atelectasis versus consolidation .,,,,,,,-1,,-1,,1,,,
bilateral pleural effusions with superimposed atelectasis versus consolidation and ground-glass opacities .,,,,,1,,-1,,-1,,1,,,
bilateral pleural effusions with superimposed atelectasis versus edema .,,,,,,-1,,,-1,,1,,,
bilateral pleural effusions with superimposed atelectasis versus ground-glass opacities / edema .,,,,,-1,1,,,-1,,1,,,
"bilateral pleural effusions with superimposed atelectasis versus pneumonia , obscuring cardiac silhouette .",,,0,,,,,-1,-1,,-1,,,
bilateral pleural effusions with superimposed atelectasis versus pneumonia .,,,,,,,,-1,-1,,1,,,
bilateral pleural effusions with superimposed consolidation and / or ground-glass opacities .,,,,,-1,,1,,,,1,,,
"bilateral pleural effusions with superimposed edema , ground-glass opacities , and / or consolidation .",,,,,1,-1,-1,,,,1,,,
bilateral pleural effusions with superimposed edema or ground-glass opacity .,,,,,-1,-1,,,,,1,,,
bilateral pleural effusions with superimposed edema versus ground-glass opacity .,,,,,-1,-1,,,,,1,,,
bilateral pleural effusions with superimposed edema versus pneumonia .,,,,,,-1,,-1,,,1,,,
"bilateral pleural effusions with superimposed ground-glass opacities , consolidation , or edema .",,,,,1,-1,-1,,,,-1,,,
bilateral pleural effusions with superimposed ground-glass opacities or edema .,,,,,1,-1,,,,,-1,,,
bilateral pleural space drainage catheters are present .,1,,,,,,,,,,,,,1
bilateral pleural space drainage tubes are present .,1,,,,,,,,,,,,,1
bilateral pleural-parenchymal opacities .,,,,,1,,,,,,,,,
bilateral probable edema .,,,,,,-1,,,,,,,,
bilateral pulmonary hyperinflation is present .,,,,,,,,,,,,,,
"bilateral pulmonary opacities are present , consistent with lung edema .",,,,,1,1,,,,,,,,
bilateral septal line thickening compatible with interstitial edema .,,,,,,1,,,,,,,,1
bilateral skin folds project over the mid and lower hemithoraces .,1,,,,,,,,,,,,,
bilateral skin folds without definite pneumothorax .,1,,,,,,,,,0,,,,
bilateral small pleural effusions are likely present .,,,,,,,,,,,1,,,
bilateral small pleural effusions are present .,,,,,,,,,,,1,,,
"bilateral soft tissue emphysema extending along the lateral chest walls and inferior neck , of uncertain etiology .",,,,,,,,,,,,,,
bilateral suprahilar consolidation versus pulmonary edema or airway wall thickening .,,,,,-1,-1,-1,,,,,,,
bilateral thoracostomy tubes .,1,,,,,,,,,,,,,1
bilateral thoracostomy tubes are present .,1,,,,,,,,,,,,,1
bilateral upper lobe airway wall thickening and patchy mucus plugging versus consolidation .,,,,,-1,,-1,,,,,,,
blunting of the lateral costophrenic angles compatible with small pleural effusions or pleural thickening .,,,,,,,,,,,-1,-1,,
blunting of the lateral costophrenic angles may represent pleural scarring or pleural fluid .,,,,,,,,,,,-1,-1,,
blunting of the lateral costophrenic angles may represent small pleural effusions or pleural thickening .,,,,,,,,,,,-1,-1,,
blunting of the lateral costophrenic angles may represent trace pleural effusions or atelectasis .,,,,,,,,,-1,,-1,,,
blunting of the left lateral costophrenic angle .,,,,,,,,,,,,,,
blunting of the left lateral costophrenic angle may represent pleural scarring or pleural effusion .,,,,,,,,,,,-1,-1,,
blunting of the left lateral costophrenic angle may represent small pleural effusion or pleural thickening-scarring .,,,,,-1,,,,,,-1,-1,,
blunting of the left pectoral costophrenic sulcus is consistent with a small amount of pleural thickening .,,,,,,,,,,,,1,,
blunting of the right lateral costophrenic angle may represent pleural effusion or pleural scarring .,,,,,,,,,,,-1,-1,,
bone anchor at the left glenohumeral joint .,1,,,,,,,,,,,,,
bone anchors are present .,1,,,,,,,,,,,,,
bone anchors at the right glenohumeral joint .,1,,,,,,,,,,,,,
bone anchors in the right humeral head .,1,,,,,,,,,,,,,
borderline central pulmonary artery enlargement .,1,,,,,,,,,,,,,
borderline enlarged cardiac silhouette .,,,1,,,,,,,,,,,
borderline enlargement of the main pulmonary artery .,1,,,,,,,,,,,,,
borderline mild airway wall thickening .,,,,,1,,,,,,,,,
"borderline mild peribronchial cuffing , possible pulmonary edema .",,,,,,-1,,,,,,,,
"borderline mild peribronchial cuffing , possible pulmonary edema versus bronchial inflammation .",,,,,,-1,,,,,,,,
borderline mild pulmonary edema .,,,,,,1,,,,,,,,
borderline mild pulmonary edema versus airway wall thickening .,,,,,-1,-1,,,,,,,,
broken sternotomy wires are present .,1,,,,,,,,,,,,,
calcification is present in a small left para-aortic lymph node .,,,,,,,,,,,,,,
calcification is present in a small left pleural aortic lymph node .,,,,,,,,,,,,,,
calcification is present in a small left subaortic mediastinal lymph node .,,,,,,,,,,,,,,
calcification of the aortic arch .,,,,,,,,,,,,,,
calcifications are present in mitral valve annulus .,,,,,,,,,,,,,,1
calcifications are present in small left hilar / subaortic mediastinal lymph nodes .,,,,,,,,,,,,,,
calcifications are present in small left hilar and mediastinal lymph nodes .,,,,,,,,,,,,,,
"calcified bilateral breast implants are present , limiting evaluation of the lower lobes .",,,,,,,,,,,,,,
calcified granulomas are present in the left upper lobe .,,,,,,,,,,,,,,
calcified granulomas are present in the right lung apex .,,,,,,,,,,,,,,
calcified hilar lymph nodes are seen .,,,,,,,,,,,,,,
calcified left hilar and right paratracheal lymph nodes are present .,,,,,,,,,,,,,,
calcified left hilar lymph nodes .,,,,,,,,,,,,,,
"calcified mediastinal lymph nodes are seen , compatible with old granulomatous disease .",,,,,,,,,,,,,,
"calcified nodules are seen , compatible with old granulomatous disease .",,,,,,,,,,,,,,
cardiac and mediastinal contours are normal .,1,0,,,,,,,,,,,,
cardiac and mediastinal contours are obscured .,,1,,,,,,,,,,,,
cardiac and mediastinal silhouette are normal .,1,0,,,,,,,,,,,,
cardiac contour is normal in size .,1,0,0,,,,,,,,,,,
cardiac contour near the upper limits of normal in size .,1,0,0,,,,,,,,,,,
cardiac contours are normal .,1,0,0,,,,,,,,,,,
cardiac contours normal in size .,1,0,0,,,,,,,,,,,
cardiac contours obscured .,,-1,-1,,,,,,,,,,,
cardiac contours obscured by pulmonary opacities .,,-1,-1,,-1,,,,,,,,,
cardiac mediastinal contours are normal .,1,0,,,,,,,,,,,,
cardiac pacemaker is present .,1,,,,,,,,,,,,,1
"cardiac pacer / aicd seen with leads in the right atrium , right ventricle and coronary sinus .",1,,,,,,,,,,,,,1
"cardiac pacer and aicd are noted with leads in the right atrium , right ventricle , and coronary sinus .",1,,,,,,,,,,,,,1
cardiac pacer is noted with leads in the right ventricle and coronary sinus .,1,,,,,,,,,,,,,1
cardiac pacer is seen with leads in the right ventricle and coronary sinus .,1,,,,,,,,,,,,,1
cardiac pacer noted .,1,,,,,,,,,,,,,1
cardiac pacer noted with leads in the right atrium and right ventricle .,1,,,,,,,,,,,,,1
cardiac pacer seen although the leads are not well visualized .,1,,,,,,,,,,,,,1
cardiac silhouette above normal limits in size .,1,,0,,,,,,,,,,,
cardiac silhouette appears enlarged .,,,1,,,,,,,,,,,
cardiac silhouette appears enlarged but gas within overlying bowel limits evaluation .,,,1,,,,,,,,,,,
cardiac silhouette appears enlarged but is not completely imaged .,,,1,,,,,,,,,,,
cardiac silhouette appears mildly enlarged .,,,1,,,,,,,,,,,
cardiac silhouette at the upper limits of normal in size .,1,,0,,,,,,,,,,,
cardiac silhouette cannot be assessed .,,,1,,,,,,,,,,,
cardiac silhouette enlarged .,,,1,,,,,,,,,,,
cardiac silhouette in the upper limits of normal in size .,1,,0,,,,,,,,,,,
cardiac silhouette in the upper limits of normal in size given low lung volumes .,1,,0,,,,,,,,,,,
cardiac silhouette in the upper limits of normal in size given technique .,1,,0,,,,,,,,,,,
cardiac silhouette is borderline enlarged .,,,1,,,,,,,,,,,
cardiac silhouette is borderline enlarged for portable technique .,,,1,,,,,,,,,,,
"cardiac silhouette is enlarged , not completely imaged .",,,1,,,,,,,,,,,
cardiac silhouette is enlarged .,,,1,,,,,,,,,,,
cardiac silhouette is largely obscured .,,,-1,,,,,,,,,,,
cardiac silhouette is largely obscured by parenchymal opacities .,,,-1,,-1,,,,,,,,,
cardiac silhouette is likely enlarged .,,,1,,,,,,,,,,,
cardiac silhouette is likely mildly enlarged .,,,1,,,,,,,,,,,
cardiac silhouette is markedly enlarged .,,,1,,,,,,,,,,,
cardiac silhouette is mildly enlarged .,,,1,,,,,,,,,,,
cardiac silhouette is normal .,1,,0,,,,,,,,,,,
cardiac silhouette is normal in size .,1,,0,,,,,,,,,,,
cardiac silhouette is obscured .,,,-1,,,,,,,,,,,
cardiac silhouette is obscured by lung findings .,,,-1,,,,,,,,,,,
cardiac silhouette is obscured by pulmonary findings .,,,-1,,,,,,,,,,,
cardiac silhouette is obscured by right lung findings .,,,-1,,,,,,,,,,,
cardiac silhouette is silhouetted by bibasilar opacities .,,,1,,1,,,,,,,,,
cardiac silhouette is top normal size .,1,,0,,,,,,,,,,,
cardiac silhouette is upper limits of normal .,,,1,,,,,,,,,,,
cardiac silhouette is upper limits of normal for portable technique .,,,1,,,,,,,,,,,
cardiac silhouette is upper limits of normal in size .,,,1,,,,,,,,,,,
cardiac silhouette is within normal .,1,,0,,,,,,,,,,,
cardiac silhouette is within normal for portable technique .,1,,0,,,,,,,,,,,
cardiac silhouette likely normal given low lung volumes .,1,,0,,,,,,,,,,,
"cardiac silhouette may be enlarged , though evaluation is limited by right pulmonary opacities .",,,1,,1,,,,,,,,,
cardiac silhouette may be enlarged .,,,1,,,,,,,,,,,
cardiac silhouette may be enlarged given technique .,,,1,,,,,,,,,,,
cardiac silhouette may be slightly enlarged .,,,1,,,,,,,,,,,
cardiac silhouette may be slightly enlarged given low lung volumes .,,,1,,,,,,,,,,,
cardiac silhouette maybe normal given low lung volumes .,,,1,,,,,,,,,,,
cardiac silhouette maybe slightly enlarged .,,,1,,,,,,,,,,,
cardiac silhouette mildly enlarged .,,,1,,,,,,,,,,,
cardiac silhouette near the upper limits of normal given low lung volumes .,,,1,,,,,,,,,,,
cardiac silhouette near the upper limits of normal in size .,1,,0,,,,,,,,,,,
cardiac silhouette near the upper limits of normal in size given low lung volumes and silhouetting by adjacent pulmonary consolidation and ground-glass opacities .,,,0,,0,,1,,,,,,,
cardiac silhouette normal .,1,,0,,,,,,,,,,,
cardiac silhouette normal for rotated position .,1,,0,,,,,,,,,,,
cardiac silhouette normal given low lung volumes .,,,1,,,,,,,,,,,
cardiac silhouette normal given technique .,,,1,,,,,,,,,,,
cardiac silhouette normal in size .,1,,0,,,,,,,,,,,
cardiac silhouette obscured .,1,,0,,,,,,,,,,,
cardiac silhouette partially obscured by right lower lung opacities .,,,0,,-1,,,,,,,,,
cardiac silhouette poorly visualized but appears enlarged .,,,1,,,,,,,,,,,
cardiac silhouette poorly visualized but probably enlarged .,,,1,,,,,,,,,,,
cardiac silhouette possibly enlarged .,,,-1,,,,,,,,,,,
cardiac silhouette probably enlarged .,,,1,,,,,,,,,,,
cardiac silhouette probably mildly enlarged .,,,1,,,,,,,,,,,
cardiac silhouette probably mildly enlarged given technique .,,,1,,,,,,,,,,,
cardiac silhouette probably normal given low lung volumes .,1,,0,,,,,,,,,,,
cardiac silhouette probably normal in size given low lung volumes .,1,,0,,,,,,,,,,,
cardiac silhouette probably otherwise within normal limits in size given low lung volumes .,1,,0,,,,,,,,,,,
cardiac silhouette probably within normal limits given low lung volumes .,1,,0,,,,,,,,,,,
cardiac silhouette size is at the upper limits of normal for portable technique .,1,,0,,,,,,,,,,,
cardiac silhouette slightly above normal limits in size .,1,,0,,,,,,,,,,,
cardiac silhouette slightly enlarged .,,,1,,,,,,,,,,,
cardiac silhouette upper limits of normal .,1,,0,,,,,,,,,,,
cardiac silhouette upper limits of normal for low lung volumes .,1,,0,,,,,,,,,,,
cardiac silhouette upper limits of normal for portable technique .,1,,0,,,,,,,,,,,
cardiac silhouette upper limits of normal for technique .,1,,0,,,,,,,,,,,
cardiac silhouette upper limits of normal in size .,1,,0,,,,,,,,,,,
cardiac silhouette upper limits of normal in size for portable technique .,1,,0,,,,,,,,,,,
cardiac silhouette upper limits of normal in size given low lung volumes .,1,,0,,,,,,,,,,,
cardiac silhouette upper limits of normal to mildly enlarged .,1,,0,,,,,,,,,,,
cardiac silhouette was within normal limits .,1,,0,,,,,,,,,,,
cardiac silhouette within normal limits .,1,,0,,,,,,,,,,,
cardiac silhouette within normal limits for portable technique and low lung volumes .,1,,0,,,,,,,,,,,
cardiac valvular annuloplasty ring device .,1,,,,,,,,,,,,,1
cardiomediastinal contour is within normal for technique .,1,0,,,,,,,,,,,,
cardiomediastinal contours are within normal .,1,0,,,,,,,,,,,,
cardiomediastinal contours are within normal for technique .,1,0,,,,,,,,,,,,
cardiomediastinal contours within normal .,1,0,,,,,,,,,,,,
cardiomediastinal silhouette are normal .,1,0,,,,,,,,,,,,
cardiomediastinal silhouette is largely obscured by lung findings .,,-1,,,,,,,,,,,,
cardiomediastinal silhouette is mildly enlarged .,,1,,,,,,,,,,,,
cardiomediastinal silhouette is mildly enlarged for technique .,,1,,,,,,,,,,,,
cardiomediastinal silhouette is normal .,1,0,,,,,,,,,,,,
cardiomediastinal silhouette is normal for technique .,1,0,,,,,,,,,,,,
cardiomediastinal silhouette is obscured .,,-1,,,,,,,,,,,,
cardiomediastinal silhouette is obscured by left lung findings .,,-1,,,,,,,,,,,,
cardiomediastinal silhouette is obscured by lung findings .,,-1,,,,,,,,,,,,
cardiomediastinal silhouette is partially obscured by right lung findings .,,-1,,,,,,,,,,,,
"cardiomediastinal silhouette is partially visualized , and within normal for portable technique .",1,0,,,,,,,,,,,,
cardiomediastinal silhouette is within normal .,1,0,,,,,,,,,,,,
cardiomediastinal silhouette is within normal for patient rotation .,1,0,,,,,,,,,,,,
cardiomediastinal silhouette is within normal for patient rotation and technique .,1,0,,,,,,,,,,,,
cardiomediastinal silhouette is within normal for portable technique .,1,0,,,,,,,,,,,,
cardiomediastinal silhouette is within normal for technique .,1,0,,,,,,,,,,,,
cardiomediastinal silhouette is within normal for technique and lung expansion .,1,0,,,,,,,,,,,,
cardiomediastinal silhouette is within the normal for technique and lung expansion .,1,0,,,,,,,,,,,,
cardiomediastinal silhouette within normal .,1,0,,,,,,,,,,,,
cardiomegaly .,,,1,,,,,,,,,,,
cardiomegaly and probable pulmonary edema .,,,1,,,-1,,,,,,,,
cardiomegaly is noted .,,,1,,,,,,,,,,,
cardiomegaly is present .,,,1,,,,,,,,,,,
cardiomegaly is questionably present .,,,1,,,,,,,,,,,
cardiomegaly noted .,,,1,,,,,,,,,,,
"cardiovascular silhouette is within normal , beyond the atheromatous calcification of the aortic arch .",1,,,,,,,,,,,,,
catheter is questionably present in the upper and medial right arm .,1,,,,,,,,,,,,,1
catheter projects over the inferior vena cava .,1,,,,,,,,,,,,,1
catheter projects over the left upper abdomen .,1,,,,,,,,,,,,,1
catheter projects over the right mid hemithorax and may be within the pleural space .,1,,,,,,,,,,,,,1
catheter tubing is looped in the left lower neck .,1,,,,,,,,,,,,,1
"catheter tubing projects over the chest , question external to the patient .",1,,,,,,,,,,,,,1
catheter versus external wire projects over the upper right abdomen .,1,,,,,,,,,,,,,-1
catheters overlie the upper abdomen .,1,,,,,,,,,,,,,1
cavitary nodule is possibly present in the left upper lobe .,,,,1,,,,,,,,,,
central pulmonary arteries upper limits of normal .,1,,,,,,,,,,,,,
central pulmonary artery enlargement .,1,,,,,,,,,,,,,
central pulmonary artery enlargement versus hiatal lymphadenopathy .,1,,,,,,,,,,,,,
"central venous catheter , ivc approach with tip near the superior cavoatrial junction .",1,,,,,,,,,,,,,1
central venous catheter is in left brachiocephalic vein .,1,,,,,,,,,,,,,1
central venous catheter is in the lower third of svc .,1,,,,,,,,,,,,,1
central venous catheter is in the svc .,1,,,,,,,,,,,,,1
central venous catheter is in the upper third of svc .,1,,,,,,,,,,,,,1
central venous catheter is in upper svc .,1,,,,,,,,,,,,,1
central venous catheter is likely in a persistent left superior vena cava .,1,,,,,,,,,,,,,1
central venous catheter is properly positioned .,1,,,,,,,,,,,,,1
central venous catheter terminates in the lower third of svc .,1,,,,,,,,,,,,,1
central venous catheter terminates in the right atrium .,1,,,,,,,,,,,,,1
central venous catheter terminates in the svc .,1,,,,,,,,,,,,,1
central venous catheter terminates in the upper right atrium .,1,,,,,,,,,,,,,1
central venous catheter terminates in the upper third of svc .,1,,,,,,,,,,,,,1
central venous catheter terminates in upper third of svc .,1,,,,,,,,,,,,,1
central venous catheters are in svc .,1,,,,,,,,,,,,,1
central venous catheters are present .,1,,,,,,,,,,,,,1
central venous catheters are properly positioned .,1,,,,,,,,,,,,,1
central venous catheters in the svc .,1,,,,,,,,,,,,,1
centrally enlarged pulmonary arteries suggest pulmonary hypertension .,,,,,,,,,,,,,,
centrally large pulmonary arteries suggest pulmonary hypertension .,,,,,,,,,,,,,,
cervical acdf is partially visualized .,1,,,,,,,,,,,,,
cervical acdf is present .,1,,,,,,,,,,,,,
"cervical collar is present , limiting evaluation of the apices .",1,,,,,,,,,,,,,
cervical fixation hardware is present .,1,,,,,,,,,,,,,1
cervical spinal fixation hardware is present .,1,,,,,,,,,,,,,1
cervical spine fixation hardware is partially visualized .,1,,,,,,,,,,,,,1
"cervical spine fusion hardware , not completely imaged .",1,,,,,,,,,,,,,1
chest wall and inferior neck soft tissue emphysema .,,,,,,,,,,,,,,
chest wall and super clavicular subcutaneous emphysema is present .,,,,,,,,,,,,,,
chest wall subcutaneous emphysema is present .,,,,,,,,,,,,,,
cholecystectomy clips are present .,1,,,,,,,,,,,,,
chondroid lesion in the left humeral head .,1,,,,,,,,,,,,,
"chronic appearing deformity of the right humerus , maybe posttraumatic .",,,,,,,,,,,,,,
chronic appearing left rib fractures .,,,,,,,,,,,,,1,
chronic fracture of the fourth left ribs .,,,,,,,,,,,,,1,
chronicle appearing left rib fracture .,,,,,,,,,,,,,1,
clear lungs .,1,,,,,,,,,,,,,
clips present from prior surgical myocardial vascularization .,1,,,,,,,,,,,,,
clothing artifact is present .,1,,,,,,,,,,,,,
coarse reticular opacities are present in the lower lungs consistent with interstitial lung disease .,,,,,1,,,,,,,,,
coarsened interstitium is likely due to emphysema with possible superimposed edema .,,,,,,-1,,,,,,,,
"comminuted right humeral head with sclerosis , suggestive of chronicity .",1,,,,,,,,,,,,,
"complete opacification of the left hemithorax consistent with pleural fluid , consolidation or atelectasis .",,,,,1,,-1,,-1,,-1,,,
consolidated opacities are present in the right perihilar lung .,,,,,1,,1,,,,,,,
consolidation in the left upper lung .,,,,,,,1,,,,,,,
consolidation in the mid left lung .,,,,,,,1,,,,,,,
consolidation is present in the left perihilar lung / left lower lobe .,,,,,,,1,,,,,,,
consolidation is questionably present in the left perihilar lung .,,,,,,,1,,,,,,,
consolidation is seen in the left lower lobe versus mass .,,,,-1,,,1,,,,,,,
consolidation may also be present .,,,,,,,-1,,,,,,,
consolidation or airway wall thickening with possible bronchiectasis at the left apex .,,,,,-1,,-1,,,,,,,
consolidation versus atelectasis in the left costophrenic angle .,,,,,,,-1,,-1,,,,,
consolidation versus atelectasis in the left retrocardiac region .,,,,,,,-1,,-1,,,,,
consolidation versus mass in the left upper lobe .,,,,-1,,,-1,,,,,,,
consolidation versus multisegmental atelectasis at the left lung base .,,,,,,,-1,,-1,,,,,
consolidation versus pulmonary hemorrhage in the lateral right lower lobe .,,,,,,,-1,,,,,,,
consolidation versus segmental atelectasis in the mid left lung .,,,,,,,-1,,-1,,,,,
consolidation versus subsegmental atelectasis in the medial right lower lung .,,,,,,,-1,,-1,,,,,
consolidative and ground-glass opacity throughout the right lung .,,,,,1,,1,,,,,,,
"consolidative opacities are present in both lungs , with relative sparing of the right upper lobe .",,,,,1,,1,,,,,,,
consolidative opacities are present in the left lower lobe .,,,,,1,,1,,,,,,,
consolidative opacities are present in the left upper lobe .,,,,,1,,1,,,,,,,
"consolidative opacities are present in the right upper , right middle and right lower lobes .",,,,,1,,1,,,,,,,
"consolidative opacities are present in the right upper and lower lungs and , likely in the left lower lung as well .",,,,,1,,1,,,,,,,
"consolidative opacities are present throughout the right mid and lower lung , and within the mid left lung .",,,,,1,,1,,,,,,,
consolidative opacities are questionably present in the lower two-thirds of the lungs .,,,,,1,,1,,,,,,,
"consolidative opacities project over the left upper lung , right lung base , and to a lesser extent in the left lung base .",,,,,1,,1,,,,,,,
consolidative opacity in the left lung base and ground-glass opacities in the remainder of the left lung and right lung base .,,,,,1,,1,,,,,,,
consolidative opacity in the right lung base .,,,,,1,,1,,,,,,,
consolidative opacity is likely present in the right upper lobe .,,,,,1,,1,,,,,,,
"consolidative opacity is present in the left upper lobe , associated with cavitations .",,,,,1,,1,,,,,,,
consolidative opacity within the right lower lung .,,,,,1,,1,,,,,,,
consolidative parenchymal opacities throughout the right lung .,,,,,1,,1,,,,,,,
contrast visualized in the upper abdomen .,1,,,,,,,,,,,,,
convex right scoliosis in the lower thoracic spine .,,,,,,,,,,,,,,
convex right scoliosis in the thoracic spine .,,,,,,,,,,,,,,
convex right scoliosis in the upper thoracic spine .,,,,,,,,,,,,,,
coronary artery calcification noted .,,,,,,,,,,,,,,
coronary artery stent is likely present .,1,,,,,,,,,,,,,
coronary artery stent is present .,1,,,,,,,,,,,,,
coronary artery stent projects at the expected location of the lad .,1,,,,,,,,,,,,,
coronary artery stent projects over the expected location of the lad .,1,,,,,,,,,,,,,
coronary artery stent projects over the expected location of the lad or left main .,1,,,,,,,,,,,,,
coronary artery stent projects over the left heart border .,1,,,,,,,,,,,,,
coronary bypass markers .,1,,,,,,,,,,,,,1
coronary vein graft bypass markers .,1,,,,,,,,,,,,,1
costochondral calcification .,,,,,,,,,,,,,,
costochondral calcification is present .,,,,,,,,,,,,,,
crt-d with leads in expected position .,1,,,,,,,,,,,,,
curvilinear density projecting over the heart likely represents mitral annular calcification .,,,,,,,,,,,,,,
curvilinear opacity projecting over the left heart border may represent mitral annular calcification or retrocardiac subsegmental atelectasis .,,,,,1,,,,-1,,,,,
curvilinear opacity with lucent regions in the apical right hemithorax may represent a loculated pleural effusion with possible parenchymal component .,,,,,1,,,,,,-1,,,
defibrillator pad overlies the left hemithorax .,,,,,,,,,,,,,,1
deformity of the left first rib is consistent with remote trauma or developmental anomaly .,,,,,,,,,,,,,,
deformity of the left humeral head is likely chronic .,,,,,,,,,,,,,,
deformity of the posterior arch of right sixth rib is present .,,,,,,,,,,,,,,
deformity of the posterior arch of the right seventh rib is consistent with prior trauma or thoracotomy .,,,,,,,,,,,,,,
degenerative changes at the anterior first costochondral junction result in nodular opacities projecting over the bilateral upper lungs .,,,,1,1,,,,,,,,,
degenerative changes at the glenohumeral joints .,,,,,,,,,,,,,,
degenerative changes at the left glenohumeral joint .,,,,,,,,,,,,,,
degenerative changes at the right acromioclavicular joint .,,,,,,,,,,,,,,
degenerative changes of the bilateral glenohumeral joints .,,,,,,,,,,,,,,
degenerative changes of the left glenohumeral joint .,,,,,,,,,,,,,,
degenerative changes of the right glenohumeral joint .,,,,,,,,,,,,,,
degenerative changes of the right shoulder .,,,,,,,,,,,,,,
dense nodular opacities projecting over the lateral right lung base likely represent calcified granulomas .,,,,1,1,,,,,,,,,
dense nodular opacity projects over the right upper lung .,,,,1,1,,,,,,,,,
densely calcified nodular opacities projecting over the left lung likely represent calcified granulomas .,,,,,1,,,,,,,,,
"denser retrocardiac parenchymal opacity , with the same differential .",,,,,1,,,,,,,,,
descending thoracic aorta is mildly tortuous .,1,,,,,,,,,,,,,
descending thoracic aorta is tortuous .,1,,,,,,,,,,,,,
"device is present with lead tips projecting over the right atrial appendage , right ventricular apex and coronary vein .",1,,,,,,,,,,,,,1
dialysis catheter is at the cavoatrial junction .,1,,,,,,,,,,,,,1
dialysis catheter tip and right picc line are at the cavoatrial junction .,1,,,,,,,,,,,,,1
dialysis catheter tip is at the cavoatrial junction .,1,,,,,,,,,,,,,1
diffuse atheromatous calcifications of the visualized portions of the aorta .,,,,,,,,,,,,,,
diffuse bilateral opacities compatible with consolidation (ards) .,,,,,1,,1,,,,,,,
diffuse bilateral parenchymal opacities represent acute lung injury edema or infectious consolidation .,,,,,1,1,-1,1,,,,,,
diffuse consolidation ground-glass opacities may represent edema or acute lung injury .,,,,,1,-1,1,,,,,,,
diffuse ground-glass opacities may represent pulmonary edema .,,,,,1,-1,,,,,,,,
diffuse ground-glass opacities may represent pulmonary edema or pneumonia .,,,,,1,-1,,-1,,,,,,
diffuse ground-glass opacities noted .,,,,,1,,,,,,,,,
diffuse ground-glass opacity likely represents edema .,,,,,1,1,,,,,,,,
diffuse hazy opacities likely represent pulmonary edema .,,,,,1,1,,,,,,,,
diffuse hazy opacities may represent lung injury edema or consolidation .,,,,,1,1,-1,,,,,,,
diffuse hazy opacity could represent pulmonary edema .,,,,,1,-1,,,,,,,,
diffuse hazy opacity likely represents pulmonary edema .,,,,,1,1,,,,,,,,
diffuse hazy parenchymal opacities and possible peribronchial thickening .,,,,,1,,,,,,,,,
diffuse hazy parenchymal opacity in the left lung .,,,,,1,,,,,,,,,
diffuse interstitial thickening likely represents edema .,,,,,,1,,,,,,,,
diffuse interstitial thickening likely represents pulmonary edema .,,,,,,1,,,,,,,,
diffuse opacities in hemithoraces may represent a combination of bilateral pleural fluid and lung consolidation .,,,,,1,,-1,,,,-1,,,
diffuse osseous metastases are present .,1,,,,,,,,,,,,,
diffuse peribronchial cuffing consistent with pulmonary edema .,,,,,,1,,,,,,,,
"diffuse peribronchial cuffing consistent with pulmonary edema versus airway wall thickening , infection not excluded .",,,,,-1,-1,,-1,,,,,,
diffuse pulmonary opacities likely represent pulmonary edema .,,,,,1,1,,,,,,,,
diffuse reticular opacities and peribronchial thickening may represent pulmonary edema .,,,,,1,-1,,,,,,,,
diffuse reticular opacities are compatible with pulmonary edema .,,,,,1,-1,,,,,,,,
"diffuse reticular opacities are seen , compatible with pulmonary edema .",,,,,1,1,,,,,,,,
diffuse reticular opacities could represent edema .,,,,,1,-1,,,,,,,,
diffuse reticular opacities likely represent edema .,,,,,1,1,,,,,,,,
diffuse reticular opacities likely represent pulmonary edema .,,,,,1,1,,,,,,,,
diffuse reticular opacities likely represents pulmonary edema .,,,,,1,1,,,,,,,,
diffuse reticular opacity likely represents edema .,,,,,1,1,,,,,,,,
diffuse reticular opacity likely represents pulmonary edema .,,,,,1,1,,,,,,,,
displaced fracture of the proximal right humerus .,,,,,,,,,,,,,1,
double lumen catheter tip in the right atrium .,1,,,,,,,,,,,,,1
drainage catheter is in the basal left pleural space .,1,,,,,,,,,,,,,1
drainage catheter is likely present in the medial pleural space .,1,,,,,,,,,,,,,1
"drainage catheter terminates in the medial right pleural space or , possibly , in superior vena cava .",1,,,,,,,,,,,,,1
drainage tube is present in the basal right pleural space .,1,,,,,,,,,,,,,1
dual-chamber left pectoral cardiac pacemaker .,1,,,,,,,,,,,,,1
dual-chamber left pectoral cardiac pacemaker is present .,1,,,,,,,,,,,,,1
"dual-chamber left pectoral pacemaker device is present , with intact leads in the right atrial appendage and right ventricle .",1,,,,,,,,,,,,,1
ecg leads overlie the chest .,1,,,,,,,,,,,,,
edema versus patchy consolidation in the right lung .,,,,,,-1,-1,,,,,,,
"effusions , atelectasis , consolidation , or mass in the right hemithorax .",,,,-1,,,-1,,-1,,1,,,
elevated left hemidiaphragm .,1,,,,,,,,,,,,,
elevated left hemidiaphragm with prominent gastric air bubble .,,,,,,,,,,,,,,
elevated left hemidiaphragm with subdiaphragmatic bowel gas .,1,,,,,,,,,,,,,
elevated right diaphragm .,1,,,,,,,,,,,,,
elevated right hemidiaphragm .,1,,,,,,,,,,,,,
elevated right hemidiaphragm and probable right basal atelectasis .,,,,,,,,,-1,,,,,
elevated right hemidiaphragm versus patchy consolidation at the right lung base .,,,,,,,-1,,,,,,,
elevated right hemidiaphragm versus right basilar consolidation and / or pleural effusion .,,,,,,,-1,,,,-1,,,
elevation of right hemidiaphragm versus small right pleural effusion .,,,,,,,,,,,-1,,,
elevation of right hemidiaphragm with likely right basilar atelectasis .,,,,,,,,,1,,,,,
elevation of the left hemidiaphragm .,,,,,,,,,,,,,,
elevation of the right hemidiaphragm .,,,,,,,,,,,,,,
elevation of the right hemidiaphragm and volume loss of the right hemithorax .,,,,,,,,,,,,,,
emphysema is likely present in the right upper lobe .,,,,,,,,,,,,,,
endobronchial valves are present at the left hilum .,1,,,,,,,,,,,,,1
endobronchial valves project over the left hilum .,1,,,,,,,,,,,,,1
"endotracheal tube , central venous catheters and pa catheter properly positioned .",1,,,,,,,,,,,,,1
"endotracheal tube , left internal jugular central venous catheter , feeding tube and gastric tube and mediastinal drain are present .",1,,,,,,,,,,,,,1
"endotracheal tube , left internal jugular central venous catheter and gastric tube in satisfactory position .",1,,,,,,,,,,,,,1
"endotracheal tube , left jugular vein catheter , and pa catheter properly positioned .",1,,,,,,,,,,,,,1
"endotracheal tube , left jugular vein catheter and pa catheter are present .",1,,,,,,,,,,,,,1
"endotracheal tube , ng tube and right ij catheter adequately positioned .",1,,,,,,,,,,,,,1
"endotracheal tube , ng tube and right ij catheter are adequately positioned .",1,,,,,,,,,,,,,1
"endotracheal tube , right internal jugular and left picc in satisfactory position .",1,,,,,,,,,,,,,1
"endotracheal tube , right jugular vein catheter , and pa catheter are properly positioned .",1,,,,,,,,,,,,,1
"endotracheal tube , right jugular vein catheter and a gastric tube are present .",1,,,,,,,,,,,,,1
endotracheal tube and central venous catheter are properly positioned .,1,,,,,,,,,,,,,1
endotracheal tube and central venous catheters are properly positioned .,1,,,,,,,,,,,,,1
endotracheal tube and gastric tube are well positioned .,1,,,,,,,,,,,,,1
endotracheal tube and gastric tube in satisfactory position .,1,,,,,,,,,,,,,1
endotracheal tube and left internal jugular central venous catheter in satisfactory position .,1,,,,,,,,,,,,,1
endotracheal tube and left jugular vein catheter are properly positioned .,1,,,,,,,,,,,,,1
endotracheal tube and left picc in satisfactory position .,1,,,,,,,,,,,,,1
endotracheal tube and left subclavian central venous catheter in satisfactory position .,1,,,,,,,,,,,,,1
endotracheal tube and ng tubes are adequately positioned .,1,,,,,,,,,,,,,1
endotracheal tube and pa catheter are properly positioned .,1,,,,,,,,,,,,,1
endotracheal tube and pulmonary artery catheter appropriately positioned .,1,,,,,,,,,,,,,1
endotracheal tube and right internal jugular and left subclavian central venous catheters in satisfactory position .,1,,,,,,,,,,,,,1
endotracheal tube and right internal jugular central venous catheter in satisfactory position .,1,,,,,,,,,,,,,1
endotracheal tube and right internal jugular central venous catheters in satisfactory position .,1,,,,,,,,,,,,,1
endotracheal tube and right internal jugular pulmonary artery catheter in satisfactory position .,1,,,,,,,,,,,,,1
endotracheal tube and right jugular vein catheter are properly positioned .,1,,,,,,,,,,,,,1
endotracheal tube and right jugular vein catheter properly positioned .,1,,,,,,,,,,,,,1
endotracheal tube and right picc are properly positioned .,1,,,,,,,,,,,,,1
endotracheal tube and right picc in satisfactory position .,1,,,,,,,,,,,,,1
endotracheal tube and right subclavian central venous catheter in satisfactory position .,1,,,,,,,,,,,,,1
endotracheal tube appears in satisfactory position .,1,,,,,,,,,,,,,1
endotracheal tube central venous catheter and right picc are properly positioned .,1,,,,,,,,,,,,,1
endotracheal tube in central venous catheter is properly positioned .,1,,,,,,,,,,,,,1
endotracheal tube in satisfactory position .,1,,,,,,,,,,,,,1
endotracheal tube in the distal trachea .,1,,,,,,,,,,,,,1
endotracheal tube is adequately positioned .,1,,,,,,,,,,,,,1
endotracheal tube is close to the carina .,1,,,,,,,,,,,,,1
endotracheal tube is in satisfactory position .,1,,,,,,,,,,,,,1
endotracheal tube is just above the carina .,1,,,,,,,,,,,,,1
endotracheal tube is present .,1,,,,,,,,,,,,,1
endotracheal tube is properly positioned .,1,,,,,,,,,,,,,1
endotracheal tube is well positioned .,1,,,,,,,,,,,,,1
endotracheal tube overlies the mid trachea .,1,,,,,,,,,,,,,1
endotracheal tube overlies trachea .,1,,,,,,,,,,,,,1
endotracheal tube right jugular vein introducer sheath and temperature monitoring probe are properly positioned .,1,,,,,,,,,,,,,1
endotracheal tube should be withdrawn 3 centimeters .,1,,,,,,,,,,,,,1
endotracheal tube tip and right internal jugular central venous catheter in satisfactory position .,1,,,,,,,,,,,,,1
endotracheal tube tip in the mid trachea .,1,,,,,,,,,,,,,1
endotracheal tube tip is adequately positioned .,1,,,,,,,,,,,,,1
endotracheal tube tip over the lower esophagus .,1,,,,,,,,,,,,,1
endotracheal tube tip over the proximal trachea .,1,,,,,,,,,,,,,1
endotracheal tube tip projects 1-2 centimeters from the carina .,1,,,,,,,,,,,,,1
endotracheal tube tip projects over the lower trachea .,1,,,,,,,,,,,,,1
endotracheal tube tip projects over the mid trachea .,1,,,,,,,,,,,,,1
endotracheal tube tip projects over the mid-lower trachea .,1,,,,,,,,,,,,,1
endotracheal tube tip projects over the right main stem bronchus and is malpositioned .,1,,,,,,,,,,,,,1
"endotracheal tube tip projects over the upper trachea , recommend advancing .",1,,,,,,,,,,,,,1
endotracheal tube tip projects over the upper trachea .,1,,,,,,,,,,,,,1
endotracheal tube tip projects over the upper-mid trachea .,1,,,,,,,,,,,,,1
endotracheal tubes at the carina and should pull back 2 centimeters .,1,,,,,,,,,,,,,1
endotracheal tubes in satisfactory position .,1,,,,,,,,,,,,,1
endovascular stent graft is present in the thoracic and upper abdominal aorta .,1,,,,,,,,,,,,,
enlarged aortic knob .,1,,,,,,,,,,,,,
enlarged cardiac and mediastinal silhouette .,,1,,,,,,,,,,,,
enlarged cardiac contour .,,1,1,,,,,,,,,,,
enlarged cardiac silhouette .,,,1,,,,,,,,,,,
enlarged cardiac silhouette and probable pulmonary edema .,,,1,,,-1,,,,,,,,
enlarged cardiac silhouette noted .,,,1,,,,,,,,,,,
"enlarged cardiomediastinal silhouette , with regions of high-density material within mediastinum .",,1,,,,,,,,,,,,
enlarged cardiomediastinal silhouette .,,1,,,,,,,,,,,,
enlarged contour of the aortic arch adjacent to the stent .,,1,,,,,,,,,,,,
enlarged contour of the right hilum .,,1,,,,,,,,,,,,
enlarged contour of the superior left mediastinum versus nodular opacity versus osseous abnormality .,,1,,-1,-1,,,,,,,,,
enlarged hila bilaterally .,1,,,,,,,,,,,,,
enlarged left hilar contour likely representing a pulmonary mass / lymphadenopathy .,,1,,1,,,,,,,,,,
enlarged left hilar contour may represent a mass or enlarged pulmonary vessel .,,1,,-1,,,,,,,,,,
enlarged mediastinum .,,1,,,,,,,,,,,,
enlarged mediastinum-area lucency projecting over the mediastinum maybe due to a hiatal hernia .,,1,,,,,,,,,,,,
enlarged possible hila .,1,,,,,,,,,,,,,
enlarged right hilar contour .,,1,,,,,,,,,,,,
enlarged right hilar contour may represent lymphadenopathy or prominent vessel .,,1,,,,,,,,,,,,
enlarged right hilum noted .,1,,,,,,,,,,,,,
enlarged right mediastinal and hilar contours .,,1,,,,,,,,,,,,
enlarged right superior mediastinal contour .,,1,,,,,,,,,,,,
enlarged subaortic mediastinal contour .,,1,,,,,,,,,,,,
enlarged superior mediastinal and cardiac contours .,,1,1,,,,,,,,,,,
enlarged superior mediastinal contours .,,1,,,,,,,,,,,,
"enlarged superior mediastinum at the level of aortic arch , with possible pneumomediastinum .",,1,,,,,,,,,,,,
enlargement of the aortic arch may represent underlying acute aortic syndrome .,1,,,,,,,,,,,,,
enlargement the superior mediastinum noted .,,1,,,,,,,,,,,,
enteral tube is in the esophagus .,1,,,,,,,,,,,,,1
enteral tube is in the stomach .,1,,,,,,,,,,,,,1
enteral tube traverses the esophagus into the stomach .,1,,,,,,,,,,,,,1
enteral tube traverses the esophagus to the stomach .,1,,,,,,,,,,,,,1
enteric tube extends into the upper abdomen .,1,,,,,,,,,,,,,1
epicardial pacing wires .,1,,,,,,,,,,,,,
erosion / post-surgical resection of the right first and second ribs .,1,,,,,,,,,,,,,
erosion of portions of the right third rib .,1,,,,,,,,,,,,,
esophageal stent is present .,1,,,,,,,,,,,,,
esophageal stent projects over the mediastinum .,,1,,,,,,,,,,,,
esophageal stent spans the upper to lower mediastinum .,,1,,,,,,,,,,,,
"et tube , left picc , and right jugular vein introducer sheath are properly positioned .",1,,,,,,,,,,,,,1
et tube and ng tube are adequately positioned .,1,,,,,,,,,,,,,1
et tube is adequately positioned .,1,,,,,,,,,,,,,1
et tube is at the carina .,1,,,,,,,,,,,,,1
et tube is properly positioned .,1,,,,,,,,,,,,,1
evaluation compromised by chin overlying lung apices .,1,,,,,,,,,,,,,
evaluation compromised by collimation of the lung apices .,1,,,,,,,,,,,,,
evaluation compromised by culmination of the right hemithorax .,1,,,,,,,,,,,,,
evaluation compromised by metallic object overlying left hemithorax .,1,,,,,,,,,,,,,
evaluation compromised by overlapping hand .,1,,,,,,,,,,,,,
evaluation of the cardiomediastinal silhouette is limited .,,1,,,,,,,,,,,,
evaluation of the cardiomediastinal silhouette is limited by lung abnormalities .,,1,,,,,,,,,,,,
evaluation of the cardiomediastinal silhouette is limited by patient rotation .,,1,,,,,,,,,,,,
evaluation of the cardiomediastinal silhouette is limited by rotation .,,1,,,,,,,,,,,,
evaluation of the cardiomediastinal silhouette is obscured by pulmonary opacities .,,1,,,-1,,,,,,,,,
evaluation of the right apex is limited due to overlying subcutaneous emphysema .,,,,,,,,,,,,,,
exam is limited because of the underpenetrated technique .,1,,,,,,,,,,,,,
exam is limited by patient body habitus .,1,,,,,,,,,,,,,
exam somewhat limited because of patient rotation .,1,,,,,,,,,,,,,
examination compromised by body habitus .,1,,,,,,,,,,,,,
expected leftward shift of heart and mediastinum is present .,,1,,,,,,,,,,,,
extensive and diffuse pleural thickening is present in the right hemithorax .,,,,,,,,,,,,1,,
extensive bilateral ground-glass opacities or consolidation .,,,,,-1,,-1,,,,,,,
"extensive costochondral calcification , limiting evaluation of the lung parenchyma .",,,,,,,,,,,,,,
"extensive opacity in the left hemithorax is likely a combination of left pleural fluid and consolidated or atelectatic lung , mostly in the left lower lobe .",,,,,1,,-1,,-1,,1,,,
extensive opacity in the right hemithorax may represent a combination of pleural fluid and pleural thickening .,,,,,1,,,,,,-1,-1,,
extensive patchy bilateral pulmonary consolidation and ground-glass opacities .,,,,,1,,1,,,,,,,
"extensive pulmonary opacities , consistent with areas of consolidated and / or atelectatic lung , are present in the right upper lobe , right lower lobe and left lower lobe .",,,,,1,,-1,,1,,,,,
extensive soft tissue emphysema .,,,,,,,,,,,,,,
extensive soft tissue emphysema limits evaluation of the lung parenchyma .,,,,,,,,,,,,,,
extensive soft tissue emphysema limits evaluation of the lungs .,,,,,,,,,,,,,,
extensive subcutaneous emphysema .,,,,,,,,,,,,,,
"extensive subcutaneous emphysema is present , limiting evaluation of the lung parenchyma .",,,,,,,,,,,,,,
extensive subcutaneous emphysema without definite pneumothorax .,,,,,,,,,,0,,,,
"external material projecting over the lower hemithorax , limiting evaluation .",1,,,,,,,,,,,,,
external safety pin projects over the basilar right hemithorax .,1,,,,,,,,,,,,,
faint bibasilar parenchymal opacities may represent atelectasis or aspiration .,,,,,1,,,,-1,,,,,
faint opacities in the left lung base may represent ground-glass opacities or atelectasis .,,,,,1,,,,-1,,,,,
"faint reticular opacities in the right lung base may represent areas of fibrosis , chronic aspiration or atelectasis .",,,,,1,,,,-1,,,-1,,
feeding tube .,1,,,,,,,,,,,,,1
feeding tube and gastric tube courses below the diaphragm and beyond the field of view .,1,,,,,,,,,,,,,1
feeding tube courses below the diaphragm .,1,,,,,,,,,,,,,1
feeding tube courses below the diaphragm and beyond the field of view .,1,,,,,,,,,,,,,1
feeding tube courses below the diaphragm into the abdomen and is not well visualized .,1,,,,,,,,,,,,,-1
feeding tube extends into the left upper quadrant .,1,,,,,,,,,,,,,1
feeding tube extends into the left upper quadrant of the abdomen .,1,,,,,,,,,,,,,1
"feeding tube extends into the upper abdomen , not completely imaged .",1,,,,,,,,,,,,,1
"feeding tube extends into the upper abdomen , not well visualized .",1,,,,,,,,,,,,,1
"feeding tube extends into the upper abdomen , the tip is not imaged .",1,,,,,,,,,,,,,1
feeding tube extends into the upper abdomen .,1,,,,,,,,,,,,,1
feeding tube is in at least the stomach .,1,,,,,,,,,,,,,1
feeding tube is in the stomach .,1,,,,,,,,,,,,,1
feeding tube projects over the upper abdomen .,1,,,,,,,,,,,,,1
feeding tube tip is folded upon itself and appears to terminate in the expected location of the distal esophagus .,1,,,,,,,,,,,,,1
feeding tube tip projects over the body of the stomach .,1,,,,,,,,,,,,,1
feeding tube tip projects over the mid abdomen .,1,,,,,,,,,,,,,1
feeding tube tip projects over the stomach .,1,,,,,,,,,,,,,1
feeding tube with tip in the gastric body .,1,,,,,,,,,,,,,1
feeding tube with tip near the gastric esophageal junction .,1,,,,,,,,,,,,,1
feeding tube with tip projecting over the stomach .,1,,,,,,,,,,,,,1
few foci of scarring or subsegmental atelectasis in the periphery of the mid lungs .,,,,,-1,,,,-1,,,,,
few septal lines at the left base .,1,,,,,,,,,,,,,1
"finding likely represents pulmonary edema , less likely consolidation .",,,,,,1,1,,,,,,,
findings are present consistent with a large esophageal hiatus hernia .,,,,,,,,,,,,,,
findings are present consistent with a left lobectomy .,1,,,,,,,,,,,,,
findings are present consistent with a left upper lobectomy .,1,,,,,,,,,,,,,
findings are present consistent with left lung resection surgery .,1,,,,,,,,,,,,,
findings are present consistent with left pneumonectomy .,1,,,,,,,,,,,,,
findings are present consistent with prior left breast surgery .,1,,,,,,,,,,,,,
findings are present that may represent a prior left lobectomy .,1,,,,,,,,,,,,,
findings may be secondary to pulmonary edema versus mild interstitial lung disease .,,,,,1,-1,,,,,,,,
findings may represent consolidation or edema .,,,,,,-1,-1,,,,,,,
findings may represent pulmonary edema .,,,,,,-1,,,,,,,,
findings of an esophageal hiatus hernia present .,,,,,,,,,,,,,,
findings of left upper lobe atelectasis are present .,,,,,,,,,1,,,,,
findings of myocardial surgical revascularization are present .,1,,,,,,,,,,,,,
findings of obstructive left lower lobe atelectasis are present .,,,,,,,,,1,,,,,
findings of previous surgical myocardial vascularization are present .,1,,,,,,,,,,,,,
findings of surgical myocardial vascularization are present .,1,,,,,,,,,,,,,
findings of surgical revascularization are present .,1,,,,,,,,,,,,,
"fixation hardware in the thoracic spine , not completely evaluated .",1,,,,,,,,,,,,,-1
fixation hardware in the upper thoracic spine .,1,,,,,,,,,,,,,1
flattening of the right humeral head with sclerosis .,1,,,,,,,,,,,,,
focal consolidation in the right lower lobe .,,,,,,,1,,,,,,,
focal consolidation versus mass in the right perihilar lung .,,,,-1,,,-1,,,,,,,
focal elevation or eventration of the left hemidiaphragm .,,,,,,,,,,,,,,
focal narrowing is questionably present involving the trachea near the thoracic inlet .,1,,,,,,,,,,,,,
focal pleural thickening is likely present in the apical left hemithorax .,,,,,,,,,,,,1,,
focal sclerosis is likely present in the medial portion of the posterior arch of the left seventh rib .,1,,,,,,,,,,,,,
focal tracheal narrowing is questionably present opposite t1-t2 .,1,,,,,,,,,,,,,
foci of cavitation are present in the left lung apex .,1,,,,,,,,,,,,,
foci of subsegmental atelectasis are present in right lower lung .,,,,,,,,,1,,,,,
foci of subsegmental atelectasis are present in the adjacent left lower lung .,,,,,,,,,1,,,,,
foci of subsegmental atelectasis are present in the left lower lung .,,,,,,,,,1,,,,,
foci of subsegmental atelectasis are present in the left perihilar lung .,,,,,,,,,1,,,,,
foci of subsegmental atelectasis are present in the lower lungs .,,,,,,,,,1,,,,,
foci of subsegmental atelectasis are present in the medial and lower right lung and in the peripheral and lower left lung .,,,,,,,,,1,,,,,
foci of subsegmental atelectasis are present in the perihilar regions .,,,,,,,,,1,,,,,
foci of subsegmental atelectasis are present in the right lower lung .,,,,,,,,,1,,,,,
foci of subsegmental atelectasis are present in the right upper lobe and left lower lung .,,,,,,,,,1,,,,,
foci of subsegmental atelectasis or parenchymal scarring are present in the left lower lung .,,,,,-1,,,,-1,,,,,
foci subsegmental atelectasis are present in the lower lungs .,,,,,,,,,1,,,,,
focus of subsegmental atelectasis are present in the left lower lung .,,,,,,,,,1,,,,,
"fracture of at least one right rib , but likely multiple .",,,,,,,,,,,,,1,
fracture versus post-surgical defect of the posterior right sixth rib .,,,,,,,,,,,,,-1,
fractured pediatric sternotomy wires projecting over the upper mediastinum .,,1,,,,,,,,,,,1,
fractures are noted in the sixth and seventh right ribs as well as the left sixth rib .,,,,,,,,,,,,,1,
free air under the right hemidiaphragm .,1,,,,,,,,,,,,,
fusion hardware in the lower cervical spine .,1,,,,,,,,,,,,,1
fusion hardware in the lower thoracic and upper lumbar spine .,1,,,,,,,,,,,,,1
fusion plate is present in the lower cervical spine .,1,,,,,,,,,,,,,1
gas-containing inferior mediastinal collection may represent herniated stomach verses bowel .,,,,,,,,,,,,,,
gaseous distention bowel is present in left upper quadrant of the abdomen .,1,,,,,,,,,,,,,
gastric and feeding tube traverses the esophagus to the stomach .,1,,,,,,,,,,,,,1
"gastric and feeding tubes are present , not completely imaged .",1,,,,,,,,,,,,,1
gastric and feeding tubes extend into the upper abdomen .,1,,,,,,,,,,,,,1
"gastric tube , not completely imaged .",1,,,,,,,,,,,,,1
gastric tube courses below the diaphragm .,1,,,,,,,,,,,,,1
gastric tube courses below the diaphragm and beyond the field of view .,1,,,,,,,,,,,,,1
gastric tube courses below the diaphragm and folds upon itself with tip projecting over the mid esophagus .,1,,,,,,,,,,,,,1
gastric tube courses below the diaphragm and the tip is not well visualized .,1,,,,,,,,,,,,,1
gastric tube courses below the diaphragm and tip projects over the body of the stomach .,1,,,,,,,,,,,,,1
"gastric tube courses into the inferior mediastinum , and the tip is not well visualized .",,1,,,,,,,,,,,,1
gastric tube courses into the inferior mediastinum and the tip is not well visualized .,,1,,,,,,,,,,,,1
"gastric tube extends into the abdomen , the tip is not imaged .",1,,,,,,,,,,,,,1
"gastric tube extends into the gastroesophageal junction , not completely imaged .",1,,,,,,,,,,,,,1
gastric tube extends into the left upper quadrant .,1,,,,,,,,,,,,,1
"gastric tube extends into the upper abdomen , not completely imaged .",1,,,,,,,,,,,,,1
"gastric tube extends into the upper abdomen , not well evaluated .",1,,,,,,,,,,,,,1
"gastric tube extends into the upper abdomen , not well imaged .",1,,,,,,,,,,,,,1
"gastric tube extends into the upper abdomen , the tip is not imaged .",1,,,,,,,,,,,,,1
"gastric tube extends into the upper abdomen , tip not imaged .",1,,,,,,,,,,,,,1
gastric tube extends into the upper abdomen .,1,,,,,,,,,,,,,1
gastric tube extends to the upper abdomen .,1,,,,,,,,,,,,,1
gastric tube is in at least the upper esophagus .,1,,,,,,,,,,,,,1
gastric tube is in the esophagus .,1,,,,,,,,,,,,,1
gastric tube is in the stomach .,1,,,,,,,,,,,,,1
gastric tube is in the upper stomach .,1,,,,,,,,,,,,,1
gastric tube is located in the upper stomach .,1,,,,,,,,,,,,,1
"gastric tube is present , not well imaged .",1,,,,,,,,,,,,,1
"gastric tube is present , not well visualized .",1,,,,,,,,,,,,,-1
"gastric tube is present , the tip is not imaged .",1,,,,,,,,,,,,,1
"gastric tube is present , tip not imaged .",1,,,,,,,,,,,,,1
gastric tube is present .,1,,,,,,,,,,,,,1
gastric tube is well positioned .,1,,,,,,,,,,,,,1
gastric tube likely traverses an esophageal hiatus hernia into the stomach in hernia sac .,,,,,,,,,,,,,,1
gastric tube terminates in an esophageal hiatus hernia that contains stomach .,,,,,,,,,,,,,,1
gastric tube terminates in the gastric fundus .,1,,,,,,,,,,,,,1
gastric tube terminates in the upper stomach .,1,,,,,,,,,,,,,1
"gastric tube tip appears to project over the lower esophagus , recommend advancing .",1,,,,,,,,,,,,,1
gastric tube tip is folded upon itself at the ge junction with tip directed cranially .,1,,,,,,,,,,,,,1
gastric tube tip projects over the body of the stomach .,1,,,,,,,,,,,,,1
gastric tube tip projects over the gastric bubble .,1,,,,,,,,,,,,,1
gastric tube tip projects over the left upper abdomen .,1,,,,,,,,,,,,,1
"gastric tube tip projects over the mid-lower mediastinum , and likely resides within the esophagus .",,1,,,,,,,,,,,,1
gastric tube tip projects over the stomach .,1,,,,,,,,,,,,,1
gastric tube traverses the esophagus .,1,,,,,,,,,,,,,1
gastric tube traverses the esophagus into the stomach .,1,,,,,,,,,,,,,1
gastric tube traverses the esophagus to the stomach .,1,,,,,,,,,,,,,1
gastric tube traverses the esophagus towards the stomach .,1,,,,,,,,,,,,,1
gastric tube with side port projecting over the stomach .,1,,,,,,,,,,,,,1
general wires are intact .,1,,,,,,,,,,,,,
generator projects over the left hemithorax .,1,,,,,,,,,,,,,
ground-glass and consolidative opacities in the left lung .,,,,,1,,1,,,,,,,
ground-glass and consolidative opacities in the right lower lung .,,,,,1,,1,,,,,,,
ground-glass opacities and consolidation in the right lung .,,,,,1,,1,,,,,,,
ground-glass opacities and reticular opacities likely represents pulmonary edema .,,,,,1,1,,,,,,,,
ground-glass opacities at the right lung apex .,,,,,1,,,,,,,,,
ground-glass opacities in the left lung .,,,,,1,,,,,,,,,
ground-glass opacities in the right lung .,,,,,1,,,,,,,,,
ground-glass opacities in the right lung base .,,,,,1,,,,,,,,,
ground-glass opacities in the right lung may represent regions of subsegmental atelectasis or pulmonary edema .,,,,,1,-1,,,-1,,,,,
ground-glass opacities projecting over the lung bases may be due to overlying breast implants or parenchymal consolidation .,,,,,1,,-1,,,,,,,
ground-glass opacities throughout the aerated portions of the right lung .,,,,,1,,,,,,,,,
ground-glass opacities throughout the left lung .,,,,,1,,,,,,,,,
ground-glass opacity and airway wall thickening in the right lung .,,,,,1,,,,,,,,,
ground-glass opacity at the left lung base .,,,,,1,,,,,,,,,
ground-glass opacity at the right lung base .,,,,,1,,,,,,,,,
ground-glass opacity in the left infrahilar / basilar region .,,,,,1,,,,,,,,,
ground-glass opacity in the left upper lobe .,,,,,1,,,,,,,,,
ground-glass opacity in the right lower lobe .,,,,,1,,,,,,,,,
ground-glass opacity in the right lung base .,,,,,1,,,,,,,,,
"ground-glass opacity in the right upper lobe and at the right lung base , possibly also involving the left lung base .",,,,,1,,,,,,,,,
ground-glass opacity versus airway wall thickening at the right lung base .,,,,,-1,,,,,,,,,
ground-glass versus consolidative opacities in the left lung .,,,,,1,,-1,,,,,,,
hardware overlies the right humeral neck .,1,,,,,,,,,,,,,1
hazy airspace opacities in the left lung .,,,,,1,,,,,,,,,
hazy bibasilar opacities .,,,,,1,,,,,,,,,
hazy bibasilar opacities likely represent a combination of pleural effusion and atelectasis versus consolidation .,,,,,1,,-1,,-1,,1,,,
hazy bibasilar opacities likely represent combination of atelectasis or consolidation .,,,,,1,,-1,,-1,,,,,
hazy bibasilar opacities may represent ground-glass opacities or atelectasis .,,,,,1,,,,-1,,,,,
hazy bibasilar parenchymal opacities may represent areas of aspiration or consolidation .,,,,,1,,-1,,,,,,,
hazy bibasilar parenchymal opacities may represent aspiration or atelectasis .,,,,,1,,,,-1,,,,,
"hazy bibasilar pulmonary opacities , maybe due to atelectasis .",,,,,-1,,,,1,,,,,
hazy bilateral basilar parenchymal opacities .,,,,,1,,,,,,,,,
hazy bilateral basilar opacities maybe due to atelectasis or edema,,,,,1,,,,,,,,,
hazy bilateral opacities likely represent pulmonary edema .,,,,,1,1,,,,,,,,
hazy bilateral opacities may represent consolidation or edema .,,,,,1,-1,-1,,,,,,,
hazy bilateral opacities may represent pulmonary edema .,,,,,1,-1,,,,,,,,
hazy bilateral opacities may represent pulmonary edema or ground-glass opacities .,,,,,1,-1,,,,,,,,
"hazy bilateral parenchymal opacities , greater on the left , may represent areas of consolidation or ground-glass opacity .",,,,,1,,-1,,,,,,,
hazy bilateral parenchymal opacities and peribronchial thickening likely represents pulmonary edema .,,,,,1,1,,,,,,,,
hazy bilateral parenchymal opacities and peribronchial thickening may represent ground-glass opacities or edema .,,,,,1,-1,,,,,,,,
"hazy bilateral parenchymal opacities favored to represent pulmonary edema , though this could also represent consolidation .",,,,,1,1,-1,,,,,,,
hazy bilateral parenchymal opacities likely represent edema .,,,,,1,1,,,,,,,,
hazy bilateral parenchymal opacities likely represent pulmonary edema .,,,,,1,1,,,,,,,,
hazy bilateral parenchymal opacities may represent areas of atelectasis or edema .,,,,,1,-1,,,-1,,,,,
"hazy bilateral parenchymal opacities may represent consolidation , atelectasis or pulmonary edema .",,,,,1,-1,-1,,-1,,,,,
hazy bilateral parenchymal opacities may represent ground-glass opacity or edema .,,,,,1,-1,,,,,,,,
hazy bilateral parenchymal opacities may represent mild interstitial pulmonary edema .,,,,,1,-1,,,,,,,,
hazy bilateral pulmonary opacities .,,,,,1,,,,,,,,,
hazy bilateral pulmonary opacities maybe due to edema or infection .,,,,,1,-1,,-1,,,,,,
hazy bilateral reticular opacities may represent edema .,,,,,1,-1,,,,,,,,
hazy bilateral subsegmental-sized opacities which may represent areas of atelectasis or consolidation .,,,,,1,,-1,,-1,,,,,
"hazy diffuse parenchymal opacities likely represent pulmonary edema , less likely infectious consolidation .",,,,,1,1,1,1,,,,,,
hazy ground-glass opacities at the right lung base versus subsegmental atelectasis .,,,,,1,,,,-1,,,,,
hazy ground-glass opacities in the right upper lobe .,,,,,1,,,,,,,,,
hazy left basilar opacity .,,,,,1,,,,,,,,,
hazy left basilar parenchymal opacity may represent consolidation or atelectasis .,,,,,1,,-1,,-1,,,,,
hazy left lower lung zone opacity .,,,,,1,,,,,,,,,
hazy left lung opacity could represent pleural effusion versus overlying soft tissue .,,,,,1,,,,,,-1,,,
hazy linear opacities in the lung bases may represent ground-glass opacity or atelectasis .,,,,,1,,,,-1,,,,,
hazy opacities are seen in the left lung and right lung base .,,,,,1,,,,,,,,,
hazy opacities at both lung bases may represent atelectasis and effusion although consolidation is possible .,,,,,1,,-1,,-1,,-1,,,
hazy opacities at the lung bases could represent pleural effusion and / or atelectasis .,,,,,1,,,,-1,,-1,,,
"hazy opacities in the left lung base , and to a lesser extent in the right lung base , may represent aspiration .",,,,,1,,,,,,,,,
hazy opacities in the left lung base may represent areas of subsegmental atelectasis or consolidation .,,,,,1,,-1,,-1,,,,,
hazy opacities in the left lung base may represent ground-glass opacity or atelectasis .,,,,,1,,,,-1,,,,,
hazy opacities in the left mid-lower lung may represent areas of atelectasis .,,,,,1,,,,-1,,,,,
hazy opacities in the lung bases .,,,,,1,,,,,,,,,
hazy opacities in the lung bases likely represent atelectasis .,,,,,1,,,,1,,,,,
hazy opacities in the lung bases may represent areas of atelectasis or ground-glass opacity .,,,,,1,,,,-1,,,,,
hazy opacities projecting over the lung bases may represent atelectasis or consolidation .,,,,,1,,-1,,-1,,,,,
hazy opacities the lung bases may represent areas of atelectasis or consolidation .,,,,,1,,-1,,-1,,,,,
"hazy opacities throughout the left mid-lower lung , and band-like region of opacity within the right upper lung .",,,,,1,,,,,,,,,
hazy opacities within the bilateral infrahilar regions .,,,,,1,,,,,,,,,
hazy opacity in the left lung base may represent a combination of parenchymal abnormality and pleural fluid .,,,,,1,,,,,,-1,,,
hazy opacity in the left mid and lower lung may represent atelectasis or consolidation .,,,,,1,,-1,,-1,,,,,
hazy opacity in the left suprahilar lung may represent ground-glass opacity .,,,,,1,,,,,,,,,
hazy opacity in the medial right lung base .,,,,,1,,,,,,,,,
hazy opacity in the right lung base likely represents subsegmental atelectasis .,,,,,1,,,,1,,,,,
hazy opacity in the right lung base may represent parenchymal abnormality or overlying right breast tissue .,,,,,1,,,,,,,,,
hazy opacity in the right upper lobe could also represent atelectasis versus asymmetric edema .,,,,,1,-1,,,-1,,,,,
hazy opacity overlying the left lung maybe due to a layering effusion .,,,,,1,,,,,,1,,,
"hazy opacity projecting over the right hemithorax , maybe due to atelectasis , ground-glass opacities , or consolidation .",,,,,1,,-1,,1,,,,,
hazy opacity within the periphery of the right lung .,,,,,1,,,,,,,,,
hazy parenchymal opacities within the mid and lower lungs .,,,,,1,,,,,,,,,
hazy parenchymal opacity in the lateral lower left lung .,,,,,1,,,,,,,,,
hazy parenchymal opacity in the left lung base may represent consolidation or atelectasis .,,,,,1,,-1,,-1,,,,,
hazy parenchymal opacity in the left mid-lower lung may represent atelectasis or consolidation .,,,,,1,,-1,,-1,,,,,
hazy peribronchial opacities may represent pulmonary edema or airway wall thickening .,,,,,1,-1,,,,,,,,
hazy perihilar and reticular opacities likely represent pulmonary edema .,,,,,1,1,,,,,,,,
hazy perihilar opacities and peribronchial cuffing .,,,,,1,,,,,,,,,
hazy perihilar opacities maybe due to pulmonary edema .,,,,,1,1,,,,,,,,
hazy right basilar opacity likely represents compressive atelectasis .,,,,,1,,,,1,,,,,
hazy right costophrenic opacities consistent with layering pleural effusion versus airspace opacity .,,,,,1,,,,,,-1,,,
hazy right perihilar opacities maybe due to edema .,,,,,1,1,,,,,,,,
hazy right pulmonary opacity .,,,,,1,,,,,,,,,
hazy subsegmental-size parenchymal opacities in the lower lungs may represent areas of pulmonary edema or atelectasis .,,,,,1,-1,,,-1,,,,,
head position limits evaluation of the apices .,1,,,,,,,,,,,,,
head position limits evaluation of the lung apices .,1,,,,,,,,,,,,,
head position limits evaluation of the right apex .,1,,,,,,,,,,,,,
healed fracture is present in the posterior arch of the right fifth rib .,,,,,,,,,,,,,1,
healed fracture is present in the posterior-lateral left second rib .,,,,,,,,,,,,,1,
healed fracture is present in the posterolateral portion of the right fifth rib .,,,,,,,,,,,,,1,
healed left clavicle fracture is present .,,,,,,,,,,,,,1,
healed left second rib fracture noted .,,,,,,,,,,,,,1,
heart and mediastinal contours are normal .,1,0,,,,,,,,,,,,
heart and pulmonary vessels are normal .,1,,,,,,,,,,,,,
heart cannot be assessed because of the low lung volumes .,1,,,,,,,,,,,,,
heart is likely normal in size .,1,,,,,,,,,,,,,
heart is normal in size .,1,,,,,,,,,,,,,
heart is normal size .,1,,,,,,,,,,,,,
heart size appears normal .,1,,0,,,,,,,,,,,
heart size appears upper limits of normal .,,,1,,,,,,,,,,,
heart size appears within normal limits .,1,,0,,,,,,,,,,,
heart size appears within normal limits although the right cardiac border is obscured .,1,,0,,,,,,,,,,,
heart size appears within normal limits but partially obscured by left basilar consolidation .,,,1,,,,-1,,,,,,,
heart size cannot be assessed .,,,1,,,,,,,,,,,
heart size cannot be evaluated .,,,1,,,,,,,,,,,
heart size is difficult to assess due to the bibasilar opacities .,,,1,,1,,,,,,,,,
heart size is enlarged .,,,1,,,,,,,,,,,
heart size is mildly enlarged .,,,1,,,,,,,,,,,
heart size is normal .,1,,0,,,,,,,,,,,
heart size is normal for portable technique .,1,,0,,,,,,,,,,,
heart size is upper limits of normal .,,,1,,,,,,,,,,,
heart size normal .,1,,0,,,,,,,,,,,
heart size normal allowing for mildly rotated position .,,,1,,,,,,,,,,,
heart size normal allowing for rotated position .,,,1,,,,,,,,,,,
"heart size upper limits of normal , probable cardiac fat pad .",,,1,,,,,,,,,,,
heart size upper limits of normal .,,,1,,,,,,,,,,,
heart size upper limits of normal for low lung volumes .,,,1,,,,,,,,,,,
heart size upper limits of normal for portable supine technique .,,,1,,,,,,,,,,,
heart size upper limits of normal for portable technique .,,,1,,,,,,,,,,,
heart size upper limits of normal size .,,,1,,,,,,,,,,,
heart size within normal limits .,1,,0,,,,,,,,,,,
heart size within normal limits for low lung volumes .,1,,0,,,,,,,,,,,
heart size within normal limits for portable technique .,1,,0,,,,,,,,,,,
heart size within normal limits for supine technique .,1,,0,,,,,,,,,,,
heterogeneous right basal opacity .,,,,,1,,,,,,,,,
"high attenuation objects project over the left arm and left upper quadrant of the abdomen , consistent with foreign bodies .",1,,,,,,,,,,,,,
high density right hilar lesion likely represents a calcified lymph node .,,,,,,,,,,,,,,
"high density right lower lobe nodule , maybe due to a granuloma .",,,,1,,,,,,,,,,
high lung volumes .,1,,,,,,,,,,,,,
high lung volumes and mildly flattened hemidiaphragms may represent chronic obstructive lung disease .,1,,,,,,,,,,,,,
high lung volumes and paucity of pulmonary vessel markings in the upper lungs may represent emphysema .,,,,,,,,,,,,,,
high lung volumes without flattening of the hemidiaphragms may represent strong inspiration versus obstructive lung disease .,1,,,,,,,,,,,,,
hila are elevated .,1,,,,,,,,,,,,,
hyperexpanded lungs .,1,,,,,,,,,,,,,
"hyperexpansion of the lungs , maybe due to emphysema .",,,,,,,,,,,,,,
"i do not know if this is lung consolidation or chronic , diffuse infiltrative parenchymal lung disease .",,,,,,,-1,,,,,,,
i do not see an acute rib fracture .,,,,,,,,,,,,,1,
iabp device is reasonable in position .,1,,,,,,,,,,,,,1
"iabp tip projects at the level of the superior wall of the aortic arch , recommend withdrawing approximately one to 2 centimeters .",1,,,,,,,,,,,,,
iatrogenic device overlies the left axillary region .,1,,,,,,,,,,,,,1
iatrogenic device overlies the left hemithorax .,1,,,,,,,,,,,,,1
iatrogenic device overlies the right cardiac border .,1,,,,,,,,,,,,,1
iatrogenic material in the upper abdomen .,1,,,,,,,,,,,,,
iatrogenic material overlies the chest .,1,,,,,,,,,,,,,
iatrogenic material overlies the left lung base .,1,,,,,,,,,,,,,
iatrogenic material overlies the right hemithorax .,1,,,,,,,,,,,,,
iatrogenic material overlies the right lung .,1,,,,,,,,,,,,,
iatrogenic material overlies the right upper chest .,1,,,,,,,,,,,,,
iatrogenic material projects over the soft tissues of the left lower neck .,1,,,,,,,,,,,,,
"ill-defined , nodular opacity is present in the right lung apex .",,,,1,1,,,,,,,,,
"ill-defined , subsegmental-sized opacities are present throughout both lungs .",,,,,1,,,,,,,,,
ill-defined nodular opacity projects between the posterolateral right sixth and seventh ribs .,,,,1,1,,,,,,,,,
ill-defined opacity is present in the anterior segment of right upper lobe .,,,,,1,,,,,,,,,
incidental note of barium versus oral contrast material projecting over the stomach or bowel in the left upper abdomen .,1,,,,,,,,,,,,,
increased lucency in the upper lungs with architectural distortion like representing emphysema .,,,,,,,,,,,,,,
increased vascularity and diffuse mild reticular opacities likely represents pulmonary edema .,,,,,1,1,,,,,,,,
inferior approach catheter projecting over the expected course of the ivc with tip folded upon itself projecting over the svc .,1,,,,,,,,,,,,,1
intact effusion device is present in the lower cervical spine .,,,,,,,,,,,1,,,1
intact fixation plate is present in the lower cervical spine .,1,,,,,,,,,,,,,1
intact fusion hardware is present in the lower cervical and upper thoracic spine .,1,,,,,,,,,,,,,1
intact median sternotomy wires .,1,,,,,,,,,,,,,
intact mid thoracic spine stabilization hardware is intact .,1,,,,,,,,,,,,,1
intact midline sternotomy wires .,1,,,,,,,,,,,,,
intact pacemaker lead is located in right ventricle .,1,,,,,,,,,,,,,1
intact pacemaker leads are located in right atrium and right ventricle .,1,,,,,,,,,,,,,1
"intact pacemaker leads are located in the right atrium , right ventricle , and a coronary vein .",1,,,,,,,,,,,,,1
intact pacemaker leads are located in the right atrium and right ventricle .,1,,,,,,,,,,,,,1
intact spine fixation rods are present .,1,,,,,,,,,,,,,
intact sternal wires and multiple mediastinal surgical clips suggestive of a cabg .,1,,,,,,,,,,,,,
"intact sternotomy wires , left pectoral dual-chamber cardiac pacemaker .",1,,,,,,,,,,,,,1
"intact sternotomy wires , mediastinal surgical clips and coronary bypass graft markers .",1,,,,,,,,,,,,,1
"intact sternotomy wires , post-surgical changes of a cabg .",1,,,,,,,,,,,,,
intact sternotomy wires .,1,,,,,,,,,,,,,
intact sternotomy wires and mediastinal surgical clips .,1,,,,,,,,,,,,,
intact sternotomy wires with superior wire fragment .,1,,,,,,,,,,,,,
intact sternotomy wires without comparison for alignment .,1,,,,,,,,,,,,,
internal cavitation is likely present .,1,,,,,,,,,,,,,
interstitial edema is present in the right lower lung .,,,,,,1,,,,,,,,
interstitial edema is questionably present in the right lung apex .,,,,,,1,,,,,,,,
interstitial pulmonary edema .,,,,,,1,,,,,,,,
interstitial thickening and peribronchovascular thickening compatible with mild interstitial pulmonary edema .,,,,,,1,,,,,,,,
irregular narrowing of pulmonary vessels is questionably present in the right upper lobe .,1,,,,,,,,,,,,,
irregular nodular density projects over the left upper lung and may represent a pulmonary nodule or an osseous bone island .,,,,1,,,,,,,,,,
irregular opacities in the bilateral suprahilar regions with associated volume loss .,,,,,1,,,,,,,,,
it is likely that calcifications are present in small right paratracheal mediastinal lymph nodes .,,,,,,,,,,,,,,
it may represent a mass .,,,,-1,,,,,,,,,,
ivc approach cannula tip projects over the hepatic ivc .,1,,,,,,,,,,,,,1
ivc filter is present adjacent to l2 / l3 .,1,,,,,,,,,,,,,
jugular vein catheter terminates in the upper third of svc .,1,,,,,,,,,,,,,1
large air fluid level containing structure in the inferior mediastinum compatible with large hiatal hernia .,,1,,,,,,,,,,,,
large air-containing hiatal hernia .,,,,,,,,,,,,,,
"large bilateral pleural effusions with probable adjacent atelectasis , obscuring mediastinal contours .",,-1,,,,,,,-1,,-1,,,
large cardiac silhouette .,,,1,,,,,,,,,,,
large esophageal hiatus hernia is present .,,,,,,,,,,,,,,
large hiatal hernia is present .,,,,,,,,,,,,,,
large layering pleural effusion versus consolidation or mass in the right lung .,,,,-1,,,-1,,,,-1,,,
large left pleural effusion .,,,,,,,,,,,1,,,
large left pleural effusion is present .,,,,,,,,,,,1,,,
large left pleural effusion silhouetting the left cardiac border .,,,,,,,,,,,1,,,
large left pleural effusion with probable adjacent atelectasis .,,,,,,,,,-1,,1,,,
large left pleural effusion with superimposed probable atelectasis .,,,,,,,,,-1,,1,,,
large pleural effusions are present .,,,,,,,,,,,1,,,
large right pleural effusion .,,,,,,,,,,,1,,,
large right pleural effusion with adjacent atelectasis versus consolidation .,,,,,,,-1,,-1,,1,,,
"large right pleural effusion with patchy ground-glass abnormality in the right upper lobe and right basilar consolidation versus multisegmental atelectasis , mass not excluded .",,,,1,,,-1,,-1,,1,,,
right basilar consolidation versus atelectasis,,,,1,,,-1,,-1,,1,,,
large right pleural effusion with superimposed probable atelectasis,,,,1,,,-1,,-1,,1,,,
layering and patchy bibasilar opacities .,,,,,1,,,,,,,,,
layering bibasilar opacities likely representing pleural effusions .,,,,,1,,,,,,1,,,
"layering bibasilar opacities may represent pleural fluid , atelectasis , consolidation .",,,,,1,,-1,,-1,,-1,,,
layering bibasilar pleural effusions .,,,,,,,,,,,1,,,
layering bibasilar pleural-parenchymal opacities .,,,,,1,,,,,,,,,
layering bilateral pleural effusions .,,,,,,,,,,,1,,,
layering left hydropneumothorax .,,,,,,,,,,1,,,,
layering left pleural effusion .,,,,,,,,,,,1,,,
layering opacities in the left lung base may represent subsegmental atelectasis or pleural fluid .,,,,,1,,,,-1,,-1,,,
layering opacities in the lung bases may represent atelectasis or pleural fluid .,,,,,1,,,,-1,,-1,,,
layering right pleural effusion .,,,,,,,,,,,1,,,
layering right pleural effusion with basilar subsegmental atelectasis .,,,,,,,,,1,,1,,,
layering right pleural effusion with right basilar consolidation versus atelectasis .,,,,,,,-1,,-1,,1,,,
layering small right pleural effusion .,,,,,,,,,,,1,,,
"leads are present in the right atrium , right ventricle and a coronary vein .",1,,,,,,,,,,,,,
leads overlie the chest .,1,,,,,,,,,,,,,
left aicd with the lead tips in the right atrial appendage and right ventricular apex .,1,,,,,,,,,,,,,1
"left apical lucencies , possible emphysema .",,,,,,,,,,,,,,
left apical mass or consolidation .,,,,-1,,,-1,,,,,,,
left apical pleural fluid is present .,,,,,,,,,,,1,,,
left apical thoracostomy tube .,1,,,,,,,,,,,,,1
left apically directed thoracostomy tube .,1,,,,,,,,,,,,,1
left arm approach thin catheter appears to follow an arterial course with tip projecting over the distal descending thoracic aorta .,1,,,,,,,,,,,,,1
"left aspect of mediastinal contour not well visualized , maybe due to fat pad .",,1,,,,,,,,,,,,
left atrial appendage clip is present .,1,,,,,,,,,,,,,
left axillary surgical clips .,1,,,,,,,,,,,,,
left axillary surgical clips are present .,1,,,,,,,,,,,,,
left basal atelectasis versus consolidation .,,,,,,,-1,,-1,,,,,
"left basal opacity may represent pleural fluid , consolidation , or atelectasis .",,,,,1,,-1,,-1,,-1,,,
left basal pleural effusion .,,,,,,,,,,,1,,,
left basal pleural fluid is likely present as well .,,,,,,,,,,,1,,,
left basal pleural fluid is present .,,,,,,,,,,,1,,,
left basal pleural fluid is questionably present .,,,,,,,,,,,1,,,
"left basal retrocardiac opacity , consolidation versus multisegmental atelectasis .",,,,,-1,,-1,,-1,,,,,
left basilar and peripheral opacity may represent consolidation .,,,,,1,,-1,,,,,,,
left basilar atelectasis or consolidation noted .,,,,,,,-1,,-1,,,,,
left basilar atelectasis or scarring .,,,,,-1,,,,-1,,,,,
left basilar atelectasis versus consolidation .,,,,,,,-1,,-1,,,,,
left basilar atelectasis versus consolidation and left pleural effusion noted .,,,,,,,-1,,-1,,1,,,
left basilar atelectasis versus no consolidation .,,,,,,,0,,-1,,,,,
left basilar chest tube .,1,,,,,,,,,,,,,1
left basilar consolidation .,,,,,,,1,,,,,,,
left basilar consolidation and right basilar consolidation noted .,,,,,,,1,,,,,,,
left basilar consolidation not excluded .,,,,,,,-1,,,,,,,
left basilar consolidation versus atelectasis .,,,,,,,-1,,-1,,,,,
left basilar consolidation versus ground-glass opacities .,,,,,-1,,-1,,,,,,,
left basilar consolidation versus multisegmental atelectasis .,,,,,,,-1,,-1,,,,,
left basilar consolidation versus multisegmental atelectasis and small left pleural effusion .,,,,,,,-1,,-1,,-1,,,
left basilar consolidation versus multisegmental atelectasis or pulmonary contusion .,,,,,,,-1,,-1,,,,,
left basilar ground-glass opacities versus airway wall thickening .,,,,,-1,,,,,,,,,
left basilar ground-glass opacities versus atelectasis .,,,,,-1,,,,-1,,,,,
left basilar ground-glass opacities versus subsegmental atelectasis .,,,,,-1,,,,-1,,,,,
left basilar ground-glass opacity .,,,,,1,,,,,,,,,
left basilar leads project over the chest .,1,,,,,,,,,,,,,
"left basilar multisegmental atelectasis , possible small left pleural effusion .",,,,,,,,,1,,-1,,,
left basilar multisegmental atelectasis .,,,,,,,,,1,,,,,
left basilar multisegmental atelectasis versus consolidation .,,,,,,,-1,,-1,,,,,
left basilar opacities consistent with consolidation or multisegmental atelectasis .,,,,,1,,-1,,-1,,,,,
"left basilar opacity , may be due to atelectasis or effusion .",,,,,1,,,,-1,,-1,,,
"left basilar opacity , maybe due to effusion with adjacent atelectasis .",,,,,-1,,,,1,,1,,,
left basilar opacity .,,,,,1,,,,,,,,,
"left basilar opacity consistent with consolidation , multisegmental atelectasis and / or pleural effusion .",,,,,1,,-1,,1,,-1,,,
"left basilar opacity consistent with consolidation , multisegmental atelectasis or pleural fluid .",,,,,1,,-1,,-1,,-1,,,
left basilar opacity consistent with consolidation or atelectasis .,,,,,1,,-1,,-1,,,,,
left basilar opacity consistent with consolidation or multisegmental atelectasis .,,,,,1,,-1,,-1,,,,,
left basilar opacity consistent with consolidation versus multisegmental atelectasis .,,,,,1,,-1,,-1,,,,,
left basilar opacity consistent with subsegmental atelectasis or consolidation .,,,,,1,,-1,,-1,,,,,
left basilar opacity could represent atelectasis or consolidation .,,,,,1,,-1,,-1,,,,,
left basilar opacity could represent atelectasis or consolidation and there is also a small right basilar opacity which may represent atelectasis or consolidation .,,,,,1,,-1,,-1,,,,,
left basilar opacity likely represents atelectasis .,,,,,1,,,,1,,,,,
left basilar opacity may be due to atelectasis .,,,,,1,,,,-1,,,,,
left basilar opacity may represent atelectasis or consolidation .,,,,,1,,-1,,-1,,,,,
left basilar opacity may represent consolidation due to contusion .,,,,,1,,-1,,,,,,,
left basilar opacity may represent effusion and atelectasis or consolidation .,,,,,1,,-1,,-1,,-1,,,
left basilar opacity may represent patchy consolidation .,,,,,1,,-1,,,,,,,
left basilar opacity maybe due to a pleural effusion .,,,,,1,,,,,,-1,,,
left basilar opacity maybe due to a pleural effusion with adjacent atelectasis and / or consolidation .,,,,,1,,1,,1,,1,,,
"left basilar opacity maybe due to atelectasis , consolidation , or portable technique .",,,,,1,,-1,,-1,,,,,
left basilar opacity maybe due to atelectasis or consolidation .,,,,,1,,-1,,-1,,,,,
left basilar opacity most likely represents atelectasis .,,,,,1,,,,1,,,,,
left basilar parenchymal opacity .,,,,,1,,,,,,,,,
"left basilar parenchymal opacity may represent atelectasis , consolidation , and / or layering pleural fluid .",,,,,1,,-1,,-1,,-1,,,
left basilar parenchymal-pleural abnormality .,1,,,,,,,,,,,,,
left basilar patchy consolidation versus subsegmental atelectasis .,,,,,,,-1,,-1,,,,,
left basilar patchy consolidation with mild obscuration of the left hemidiaphragm .,,,,,,,1,,,,,,,
left basilar pleural effusion versus atelectasis / consolidation .,,,,,,,1,,-1,,-1,,,
left basilar pleural effusion versus consolidation or multisegmental atelectasis .,,,,,,,-1,,-1,,-1,,,
left basilar pleural effusion versus subsegmental atelectasis .,,,,,,,,,-1,,-1,,,
left basilar pleural space pigtail drainage catheter .,1,,,,,,,,,,,,,1
left basilar pleural-parenchymal opacity .,,,,,1,,,,,,,,,
left basilar pneumothorax .,,,,,,,,,,1,,,,
left basilar possible consolidation although exam is limited by technique .,,,,,,,-1,,,,,,,
left basilar probable atelectasis .,,,,,,,,,-1,,,,,
"left basilar retrocardiac multisegmental atelectasis and a small left pleural effusion , left basilar consolidation not excluded .",,,,,,,-1,,-1,,-1,,,
"left basilar retrocardiac opacity , consolidation versus multisegmental atelectasis .",,,,,-1,,-1,,-1,,,,,
left basilar retrocardiac opacity consistent with consolidation or subsegmental atelectasis .,,,,,1,,-1,,-1,,,,,
left basilar retrocardiac opacity consistent with multisegmental atelectasis versus consolidation .,,,,,1,,-1,,-1,,,,,
left basilar retrocardiac opacity likely represents atelectasis .,,,,,1,,,,1,,,,,
left basilar retrocardiac opacity may represent consolidation or multisegmental atelectasis .,,,,,1,,-1,,-1,,,,,
left basilar retrocardiac parenchymal opacity may represent atelectasis or consolidation .,,,,,1,,-1,,-1,,,,,
left basilar subsegmental atelectasis .,,,,,,,,,1,,,,,
left basilar subsegmental atelectasis versus consolidation .,,,,,,,-1,,-1,,,,,
left basilar subsegmental-sized opacity may represent atelectasis or consolidation .,,,,,1,,-1,,-1,,,,,
left basilar thoracostomy tube .,1,,,,,,,,,,,,,1
left basilar thoracostomy tube is present .,1,,,,,,,,,,,,,1
left cardiac pacer seen with lead in the right ventricle .,1,,,,,,,,,,,,,1
left catheter projects over the upper left abdomen and may be in the posterior left pleural space or intraperitoneal space .,1,,,,,,,,,,,,,1
left central venous catheter tip is in the svc .,1,,,,,,,,,,,,,1
left chest port tip is at the cavoatrial junction .,1,,,,,,,,,,,,,
left chest port tip projects over the superior cavoatrial junction,1,,,,,,,,,,,,,
left chest port tip is in the svc .,1,,,,,,,,,,,,,
left chest tube and pigtail catheters are noted .,1,,,,,,,,,,,,,1
left chest tubes are present .,1,,,,,,,,,,,,,1
left chest wall subcutaneous emphysema is present .,,,,,,,,,,,,,,
left clavicular fixation hardware .,1,,,,,,,,,,,,,1
left costophrenic angle is not within the field of view .,1,,,,,,,,,,,,,
left costophrenic angle not within the field of view .,1,,,,,,,,,,,,,
left dialysis catheter tip is in the right atrium .,1,,,,,,,,,,,,,1
left greater than right bilateral parenchymal opacities may represent consolidation or pulmonary edema .,,,,,1,-1,-1,,,,,,,
left greater than right hazy bibasilar parenchymal opacities .,,,,,1,,,,,,,,,
left greater than right hazy parenchymal opacities may represent consolidation or pulmonary edema .,,,,,1,-1,-1,,,,,,,
left greater than right multifocal parenchymal opacities .,,,,,1,,,,,,,,,
left greater than right patchy parenchymal opacities may represent consolidation or edema .,,,,,1,-1,-1,,,,,,,
left greater than right small bilateral pleural effusions .,,,,,,,,,,,1,,,
left greater than right small pleural effusions .,,,,,,,,,,,1,,,
"left hazy airspace opacities consistent with atelectasis , ground-glass opacities or pulmonary contusion .",,,,,1,,,,-1,,,,,
left hemithorax opacities may be secondary to pleural fluid if left pneumonectomy performed .,,,,,1,,,,,,-1,,,
left hemithorax volume loss may represent left pneumonectomy or lobectomy .,,,,,,,,,,,,,,
left hilar enlargement .,1,,,,,,,,,,,,,
left hilar surgical clips are present .,1,,,,,,,,,,,,,
left hilum is mildly enlarged .,1,,,,,,,,,,,,,
left humeral head bone anchor .,1,,,,,,,,,,,,,
"left ij approach catheter tip projects over the lateral margin of the descending thoracic aorta and may reside within the thoracic aorta (arterial placement) , or within a duplicated , left sided , svc .",1,,,,,,,,,,,,,1
left ij approach central venous catheter tip projects over the mid svc .,1,,,,,,,,,,,,,1
left ij approach cvc tip projects over the superior cavoatrial junction .,1,,,,,,,,,,,,,
left ij approach cvc tip projects over the upper svc .,1,,,,,,,,,,,,,
left ij approach pulmonary arterial catheter projects over the proximal right pulmonary artery .,1,,,,,,,,,,,,,1
left ij catheter is in the svc .,1,,,,,,,,,,,,,1
left ij catheter tip is in the right subclavian vein .,1,,,,,,,,,,,,,1
left ij catheter tip is in the svc .,1,,,,,,,,,,,,,1
left ij cvc tip is projected upward within the upper svc .,1,,,,,,,,,,,,,
left ij cvc tip projects over the mid svc .,1,,,,,,,,,,,,,
left ij cvc tip projects over the upper svc .,1,,,,,,,,,,,,,
left infrahilar / basilar opacity .,,,,,1,,,,,,,,,
left infrahilar ground-glass opacities .,,,,,1,,,,,,,,,
left infrahilar subsegmental-sized opacities likely representing atelectasis .,,,,,1,,,,1,,,,,
left internal jugular catheter courses to the left of midline .,1,,,,,,,,,,,,,1
left internal jugular catheter overlies the left mediastinum and may be within a left-sided svc or internal mammary vessel .,,1,,,,,,,,,,,,1
left internal jugular catheter tip is at the cavoatrial junction .,1,,,,,,,,,,,,,1
left internal jugular catheter tip is likely in the brachiocephalic vein .,1,,,,,,,,,,,,,1
left internal jugular central venous catheter in satisfactory position .,1,,,,,,,,,,,,,1
left internal jugular central venous catheter with tip in the upper svc .,1,,,,,,,,,,,,,1
left internal jugular central venous catheter with tip near the superior cavoatrial junction .,1,,,,,,,,,,,,,1
left jugular vein catheter at the superior cavoatrial junction .,1,,,,,,,,,,,,,1
left jugular vein catheter is in the upper third of svc .,1,,,,,,,,,,,,,1
left jugular vein catheter is located in a persistent left svc .,1,,,,,,,,,,,,,1
left jugular vein catheter terminates at the junction of the brachiocephalic veins .,1,,,,,,,,,,,,,1
left jugular vein catheter terminates in left brachiocephalic vein .,1,,,,,,,,,,,,,1
left jugular vein catheter terminates in the upper third of svc .,1,,,,,,,,,,,,,1
left jugular vein catheter terminates in upper third of svc .,1,,,,,,,,,,,,,1
left lower lungs zone pulmonary nodule .,,,,1,,,,,,,,,,
"left lung and right basilar ground-glass opacities may represent areas of atelectasis , airway wall thickening , or foci of aspiration .",,,,,1,,,,-1,,,,,
left lung apex is obscured by overlying box .,1,,,,,,,,,,,,,
left lung appears hyperexpanded with attenuated peripheral vessels suggestive of emphysema .,,,,,,,,,,,,,,
left lung base cannot be assessed .,1,,,,,,,,,,,,,
left lung clear .,1,,,,,,,,,,,,,
"left lung is clear , but hyperexpanded .",1,,,,,,,,,,,,,
"left lung is clear , though evaluation is limited by respiratory motion .",1,,,,,,,,,,,,,
left lung is clear .,1,,,,,,,,,,,,,
left lung volume is high .,1,,,,,,,,,,,,,
left lung volume is normal .,1,,,,,,,,,,,,,
left not right pleural effusion .,1,,,,,,,,,,0,,,
left pacemaker is present .,1,,,,,,,,,,,,,1
left pectoral aicd .,1,,,,,,,,,,,,,1
left pectoral aicd device with tip in satisfactory position .,1,,,,,,,,,,,,,1
left pectoral crt-d .,1,,,,,,,,,,,,,
left pectoral crt-d device .,1,,,,,,,,,,,,,1
left pectoral crt-d device with lead tips in satisfactory position .,1,,,,,,,,,,,,,1
left pectoral crt-d device with leads in satisfactory position .,1,,,,,,,,,,,,,1
"left pectoral crt-d device with tips in the right atrial appendage , right ventricle and a peripheral coronary vein .",1,,,,,,,,,,,,,1
left pectoral crt-d with lead tip in the right atrial appendage and right ventricular apex .,1,,,,,,,,,,,,,
"left pectoral crt-d with lead tip projecting over the right atrial appendage , right ventricular apex , and coronary vein .",1,,,,,,,,,,,,,
left pectoral crt-d with leads in expected position .,1,,,,,,,,,,,,,
left pectoral crt-p is present .,1,,,,,,,,,,,,,
left pectoral defibrillating device with lead tips projecting over the right ventricular apex and coronary vein .,,,,,,,,,,,,,,1
left pectoral defibrillator device with a resynchronization lead is present .,,,,,,,,,,,,,,1
left pectoral dual chamber cardiac pacemaker leads project over the right atrial appendage and right ventricular apex .,1,,,,,,,,,,,,,1
left pectoral dual-chamber cardiac pacemaker .,1,,,,,,,,,,,,,1
left pectoral dual-chamber cardiac pacemaker is present .,1,,,,,,,,,,,,,1
left pectoral dual-chamber cardiac pacemaker leads are in expected position .,1,,,,,,,,,,,,,1
left pectoral dual-chamber cardiac pacemaker with lead tips projecting over the right atrial appendage and right ventricular apex .,1,,,,,,,,,,,,,1
left pectoral dual-chamber cardiac pacemaker with leads in expected position .,1,,,,,,,,,,,,,1
left pectoral dual-chamber cardiac pacemaker with leads projecting over the right atrial appendage and right ventricular apex .,1,,,,,,,,,,,,,1
"left pectoral dual-chamber cardiac pacemaker with two right atrial leads , one of which is abandoned .",1,,,,,,,,,,,,,1
"left pectoral generator is present with leads extending towards the inferior left neck , likely representing a vagal nerve stimulator .",1,,,,,,,,,,,,,
"left pectoral icd , prosthetic cardiac valve and intact sternotomy wires .",1,,,,,,,,,,,,,1
"left pectoral icd device is present , with intact and properly positioned leads in the right atrium and right ventricle .",1,,,,,,,,,,,,,1
left pectoral icd leads project over the right atrial appendage and right ventricle .,1,,,,,,,,,,,,,1
left pectoral icd with lead tips in expected location .,1,,,,,,,,,,,,,1
left pectoral pacemaker and right picc in satisfactory position .,1,,,,,,,,,,,,,1
"left pectoral pacemaker device is present , associated with leads in the right atrium , right ventricle and coronary vein .",1,,,,,,,,,,,,,1
"left pectoral pacemaker device is present , with an intact lead in right ventricle .",1,,,,,,,,,,,,,1
"left pectoral pacemaker device is present , with intact and properly positioned leads in the right atrium and right ventricle .",1,,,,,,,,,,,,,1
"left pectoral pacemaker device is present , with intact leads in the right atrium and right ventricle .",1,,,,,,,,,,,,,1
"left pectoral pacemaker device is present , with intact pacemaker leads in the right ventricle and coronary vein .",1,,,,,,,,,,,,,1
"left pectoral pacemaker device is present , with leads in the right atrium and right ventricle .",1,,,,,,,,,,,,,1
"left pectoral pacemaker device is present , with pacemaker leads in the right atrium and right ventricle .",1,,,,,,,,,,,,,1
left pectoral pacemaker device is present with intact leads in the right atrium and right ventricle .,1,,,,,,,,,,,,,1
left pectoral pacemaker with lead tip in satisfactory position .,1,,,,,,,,,,,,,1
left pectoral pacemaker with lead tip in the right atrial appendage and right ventricular apex .,1,,,,,,,,,,,,,1
left pectoral pacemaker with lead tip in the right ventricular apex .,1,,,,,,,,,,,,,1
"left pectoral pacemaker with lead tip projecting over the expected location of the tricuspid valve , and right ventricular apex .",1,,,,,,,,,,,,,1
left pectoral pacemaker with lead tips in appropriate position .,1,,,,,,,,,,,,,1
left pectoral pacemaker with lead tips in satisfactory position .,1,,,,,,,,,,,,,1
left pectoral pacemaker with lead tips in the right atrial appendage and right ventricular apex .,1,,,,,,,,,,,,,1
left pectoral single lead icd with lead tip projecting over the right ventricle .,1,,,,,,,,,,,,,1
left perihilar consolidation also noted .,,,,,,,1,,,,,,,
left perihilar consolidation versus mass .,,,,-1,,,-1,,,,,,,
left perihilar hazy opacity .,,,,,1,,,,,,,,,
left perihilar mass versus lymphadenopathy or consolidation in the central left lung .,,,,-1,,,-1,,,,,,,
"left perihilar opacity consistent with consolidation or central area wall thickening , also involving the right infrahilar region .",,,,,1,,-1,,,,,,,
left picc in satisfactory position .,1,,,,,,,,,,,,,1
left picc is in the svc .,1,,,,,,,,,,,,,1
left picc is present .,1,,,,,,,,,,,,,1
left picc line is at the cavoatrial junction .,1,,,,,,,,,,,,,1
left picc line is present with tip near the superior cavoatrial junction .,1,,,,,,,,,,,,,1
left picc line tip is at the cavoatrial junction .,1,,,,,,,,,,,,,1
left picc line tip is in the left brachiocephalic vein .,1,,,,,,,,,,,,,1
left picc line tip is in the right brachiocephalic vein .,1,,,,,,,,,,,,,1
left picc line tip is in the svc .,1,,,,,,,,,,,,,1
left picc terminates in left brachiocephalic vein .,1,,,,,,,,,,,,,1
left picc terminates in the superior vena cava .,1,,,,,,,,,,,,,1
left picc terminates in the upper third of svc .,1,,,,,,,,,,,,,1
left picc terminates in upper third of svc .,1,,,,,,,,,,,,,1
left picc tip projects over the left brachiocephalic vein .,1,,,,,,,,,,,,,1
left picc tip projects over the lower svc .,1,,,,,,,,,,,,,1
left picc tip projects over the mid svc .,1,,,,,,,,,,,,,1
left picc tip projects over the superior cavoatrial junction .,1,,,,,,,,,,,,,1
left picc tip projects over the upper svc .,1,,,,,,,,,,,,,1
left picc with tip in the lower svc .,1,,,,,,,,,,,,,1
left picc with tip in the mid svc .,1,,,,,,,,,,,,,1
left picc with tip in the superior cavoatrial junction .,1,,,,,,,,,,,,,1
left picc with tip in the superior vena cava .,1,,,,,,,,,,,,,1
left picc with tip near the superior cavoatrial junction .,1,,,,,,,,,,,,,1
left picc with tip projecting over the upper svc .,1,,,,,,,,,,,,,1
left pigtail catheter noted at the apex .,1,,,,,,,,,,,,,1
"left pleural abnormality / mass , less likely pulmonary mass .",,,,1,,,,,,,,,,
left pleural catheter .,1,,,,,,,,,,,,,1
left pleural catheter projects over the left upper lung .,1,,,,,,,,,,,,,1
left pleural effusion .,,,,,,,,,,,1,,,
left pleural effusion is present .,,,,,,,,,,,1,,,
left pleural effusion noted .,,,,,,,,,,,1,,,
left pleural effusion with adjacent atelectasis .,,,,,,,,,1,,1,,,
left pleural effusion with adjacent atelectasis versus consolidation .,,,,,,,-1,,-1,,1,,,
left pleural effusion with superimposed atelectasis versus consolidation .,,,,,,,-1,,-1,,1,,,
left pleural pigtail catheter projects over the left basilar hemithorax .,1,,,,,,,,,,,,,1
left pleural space drainage tube and catheter are present .,1,,,,,,,,,,,,,1
left pleural space drainage tube is present .,1,,,,,,,,,,,,,1
left pleural thickening or pleural effusion .,,,,,,,,,,,-1,-1,,
left pneumothorax .,,,,,,,,,,1,,,,
left port catheter in satisfactory position .,1,,,,,,,,,,,,,1
left port catheter tip projects over the mid svc .,1,,,,,,,,,,,,,1
left port catheter tip projects over the superior cavoatrial junction .,1,,,,,,,,,,,,,1
left port catheter tip projects over the upper svc .,1,,,,,,,,,,,,,1
left port catheter with tip extending into the superior right atrium .,1,,,,,,,,,,,,,1
left port catheter with tip in satisfactory position .,1,,,,,,,,,,,,,1
left port catheter with tip in the superior cavoatrial junction .,1,,,,,,,,,,,,,1
left port catheter with tip near the superior cavoatrial junction .,1,,,,,,,,,,,,,1
left retrocardiac basilar opacity .,,,,,1,,,,,,,,,
left retrocardiac consolidation versus multisegmental atelectasis .,,,,,,,-1,,-1,,,,,
left retrocardiac opacity consistent with consolidation or multisegmental atelectasis .,,,,,1,,-1,,-1,,,,,
left retrocardiac opacity may be consolidation or subsegmental atelectasis .,,,,,1,,-1,,-1,,,,,
left retrocardiac opacity may be secondary to multisegmental atelectasis .,,,,,1,,,,-1,,,,,
left retrocardiac segmental atelectasis versus consolidation .,,,,,,,-1,,-1,,,,,
left shoulder arthroplasty .,1,,,,,,,,,,,,,1
left side has subcutaneous emphysema .,,,,,,,,,,,,,,
left single lead pacemaker is present .,1,,,,,,,,,,,,,1
left subclavian catheter is in the svc .,1,,,,,,,,,,,,,1
left subclavian catheter tip is at the cavoatrial junction .,1,,,,,,,,,,,,,1
left subclavian catheter tip is in the svc .,1,,,,,,,,,,,,,1
left subclavian catheter tubes in the svc .,1,,,,,,,,,,,,,1
left subclavian cvc tip projects over the upper svc .,1,,,,,,,,,,,,,
left subclavian vascular stent .,1,,,,,,,,,,,,,
left subclavian vein approach central venous catheter tip projects over the confluence of the brachiocephalic veins .,1,,,,,,,,,,,,,1
left subclavian vein approach central venous catheter tip projects over the lower svc .,1,,,,,,,,,,,,,1
left subclavian vein approach central venous catheter tip projects over the upper svc .,1,,,,,,,,,,,,,1
left subclavian vein approach cvc tip projects over the lower svc .,1,,,,,,,,,,,,,
left subclavian vein approach cvc tip projects over the right atrium .,1,,,,,,,,,,,,,
left subclavian vein catheter terminates in the lower svc or right atrium .,1,,,,,,,,,,,,,1
left subclavian vein catheter terminates in the lower third of svc .,1,,,,,,,,,,,,,1
left subclavian vein catheter terminates in the upper third of svc .,1,,,,,,,,,,,,,1
left subcutaneous emphysema .,,,,,,,,,,,,,,
left subdiaphragmatic lucency is likely within a loop of bowel or the stomach .,1,,,,,,,,,,,,,
left subdiaphragmatic lucency likely represents gastric air .,1,,,,,,,,,,,,,
left subpulmonary pleural fluid is questionably present .,,,,,,,,,,,1,,,
left suprahilar parenchymal opacity .,,,,,1,,,,,,,,,
left thoracostomy tube .,1,,,,,,,,,,,,,1
left upper lobe and left suprahilar parenchymal opacity .,,,,,1,,,,,,,,,
left upper rib fractures .,,,,,,,,,,,,,1,
left ventricular assist device is present .,1,,,,,,,,,,,,,1
left ventricular assist device noted .,1,,,,,,,,,,,,,1
leftward cardiomediastinal shift .,1,,,,,,,,,,,,,
leftward deviation of the trachea is present with widening of right paratracheal mediastinum .,,1,,,,,,,,,,,,
likely a small left pleural effusion although the opacity may be partly due to overlying soft tissue .,,,,,1,,,,,,1,,,
likely bibasilar atelectasis .,,,,,,,,,1,,,,,
likely chronic right rib fractures .,,,,,,,,,,,,,1,
likely layering left pleural effusion .,,,,,,,,,,,1,,,
likely left effusion .,,,,,,,,,,,1,,,
likely multisegmental or lobar atelectasis of the left lower lung .,,,,,,,,,1,,,,,
likely pleural calcifications as well .,,,,,,,,,,,,,,
likely remote left rib fractures .,,,,,,,,,,,,,1,
likely right pleural effusion with adjacent atelectasis versus consolidation .,,,,,,,-1,,-1,,1,,,
likely superimposed pulmonary edema .,,,,,,1,,,,,,,,
likely underlying atelectasis or consolidation .,,,,,,,-1,,-1,,,,,
limited evaluation due to rotated position .,1,,,,,,,,,,,,,
limited evaluation of the left lower lobe due to overlying pacemaker device .,1,,,,,,,,,,,,,1
linear bibasilar opacities may represent atelectasis or aspirations .,,,,,1,,,,-1,,,,,
linear catheter projects over the mediastinum .,,1,,,,,,,,,,,,1
linear opacities in the left lower lung consistent with subsegmental atelectasis or scarring .,,,,,1,,,,-1,,,,,
linear opacities project over the left perihilar region .,,,,,1,,,,,,,,,
linear opacities project over the lung bases .,,,,,1,,,,,,,,,
linear opacities within the lung bases likely represent atelectasis .,,,,,1,,,,1,,,,,
linear opacities within the periphery of the left lung likely represent areas of scarring .,,,,,1,,,,,,,,,
linear subsegmental atelectasis at the left lung base .,,,,,,,,,1,,,,,
lines and tubes and pacemaker in satisfactory position .,1,,,,,,,,,,,,,1
lines and tubes are adequately positioned .,1,,,,,,,,,,,,,1
lines and tubes in satisfactory position .,1,,,,,,,,,,,,,1
lines and tubes within satisfactory position .,1,,,,,,,,,,,,,1
local airway wall thickening versus consolidation in the medial right lower lobe .,,,,,-1,,-1,,,,,,,
loculated left pleural effusion versus pleural thickening .,,,,,,,,,,,-1,-1,,
loculated pleural air is present in the basal right hemithorax .,1,,,,,,,,,,,,,
loculated pleural fluid and / or pleural thickening is present in the lateral and lateral-basal hemithoraces .,,,,,,,,,,,1,1,,
loculated pleural fluid and air is present in the apical right pleural space .,,,,,,,,,,,1,,,
"loculated pleural fluid in the right hemithorax , at the apex .",,,,,,,,,,,1,,,
"loculated pleural fluid is present in several locations in the right hemithorax , including within interlobar fissures .",,,,,,,,,,,1,,,
loculated pleural fluid is present lateral to the right upper lobe .,,,,,,,,,,,1,,,
loculated right hydropneumothorax .,,,,,,,,,,1,,,,
loculated right pleural effusion is present .,,,,,,,,,,,1,,,
loculated right pleural effusion noted .,,,,,,,,,,,1,,,
loop recorder device projects over the mid left hemithorax .,1,,,,,,,,,,,,,1
low left lung volume .,1,,,,,,,,,,,,,
low lung volume on the right .,1,,,,,,,,,,,,,
low lung volumes .,1,,,,,,,,,,,,,
low lung volumes and bibasilar subsegmental atelectasis .,,,,,,,,,1,,,,,
low lung volumes are noted with possible left basilar atelectasis or consolidation .,,,,,,,-1,,-1,,,,,
low lung volumes without consolidation .,1,,,,,,0,,,,,,,
lower cervical acdf .,1,,,,,,,,,,,,,
lower cervical fixation hardware .,1,,,,,,,,,,,,,1
lower lobe airway wall thickening .,,,,,1,,,,,,,,,
lower lobe patchy ground-glass opacities .,,,,,1,,,,,,,,,
lower lobe predominant airway wall thickening .,,,,,1,,,,,,,,,
lower lobe subsegmental atelectasis .,,,,,,,,,1,,,,,
"lucencies and vascular pruning best demonstrated in the right upper lobe , suspicious for emphysema .",,,,,,,,,,,,,,
lucency and vascular pruning in the left lung consistent with emphysema and / or air trapping .,,,,,,,,,,,,,,
"lucency in the right perihilar region , question skin fold .",1,,,,,,,,,,,,,
lucency projecting over the cardiac contour may represent a hiatal hernia .,,1,,,,,,,,,,,,
lucency projecting over the lateral right lung base likely represents a small amount of pleural air .,1,,,,,,,,,,,,,
lumbar spine fusion hardware and catheter projecting over the abdomen .,1,,,,,,,,,,,,,1
"lung edema , among other possibilities , may produce these findings .",,,,,,1,,,,,,,,
lung edema may produce these findings .,,,,,,1,,,,,,,,
lung is clear .,1,,,,,,,,,,,,,
lung volume is small in the right hemithorax .,1,,,,,,,,,,,,,
lung volumes are borderline high .,1,,,,,,,,,,,,,
lung volumes are borderline high although hemidiaphragms remained rounded .,1,,,,,,,,,,,,,
lung volumes are borderline low .,1,,,,,,,,,,,,,
lung volumes are high .,1,,,,,,,,,,,,,
lung volumes are low .,1,,,,,,,,,,,,,
lung volumes are low and head position limits evaluation of the lung parenchyma .,1,,,,,,,,,,,,,
lung volumes are mildly high .,1,,,,,,,,,,,,,
lung volumes are mildly high although hemidiaphragms remained rounded .,1,,,,,,,,,,,,,
lung volumes are mildly low .,1,,,,,,,,,,,,,
lung volumes are normal .,1,,,,,,,,,,,,,
lung volumes are upper limits of normal .,1,,,,,,,,,,,,,
lung volumes are within normal limits .,1,,,,,,,,,,,,,
lung volumes at the normal limits .,1,,,,,,,,,,,,,
lung volumes borderline low .,1,,,,,,,,,,,,,
lung volumes upper limits of normal .,1,,,,,,,,,,,,,
lung volumes within normal limits .,1,,,,,,,,,,,,,
lungs are clear .,1,,,,,,,,,,,,,
lungs clear .,1,,,,,,,,,,,,,
lungs otherwise clear .,1,,,,,,,,,,,,,
lytic lesions are present in the posterior arch of the left second rib and the right acromion .,1,,,,,,,,,,,,,
main pulmonary artery enlargement .,1,,,,,,,,,,,,,
main pulmonary artery is enlarged .,1,,,,,,,,,,,,,
marked cardiomegaly is present .,,,1,,,,,,,,,,,
marked elevation of right hemidiaphragm is present .,,,,,,,,,,,,,,
markedly elevated left hemidiaphragm .,1,,,,,,,,,,,,,
markedly enlarged cardiac silhouette .,,,1,,,,,,,,,,,
mass versus consolidation in the right perihilar region .,,,,-1,,,-1,,,,,,,
mass-like consolidation at the right lung apex .,,,,1,,,1,,,,,,,
mass-like opacity hiding the right superior mediastinum .,,1,,1,1,,,,,,,,,
mass-like opacity in the left suprahilar region .,,,,1,1,,,,,,,,,
mass-like opacity is present within the left mid lung .,,,,1,1,,,,,,,,,
"mass-like opacity is present within the right mid lung , with possible central cavitation .",,,,1,1,,,,,,,,,
mass-like opacity versus consolidation in the right upper medial lung .,,,,1,-1,,-1,,,,,,,
mass-like region of consolidation within the right mid-lower lung .,,,,1,,,1,,,,,,,
massively enlarged cardiac silhouette .,,,1,,,,,,,,,,,
median sternotomy wires .,1,,,,,,,,,,,,,
"median sternotomy wires are present , some of which are fractured and displaced .",,,,,,,,,,,,,1,
mediastinal and cardiac contours are within normal limits .,1,0,0,,,,,,,,,,,
mediastinal and cardiac contours not well evaluated in the left hemithorax due to overlying patchy consolidation in the left lung .,,-1,-1,,,,1,,,,,,,
mediastinal contour is normal .,1,0,,,,,,,,,,,,
mediastinal contour normal .,1,0,,,,,,,,,,,,
mediastinal contour obscured .,,-1,,,,,,,,,,,,
mediastinal contour obscured by a large right pleural effusion with probable adjacent atelectasis or consolidation .,,-1,,,,,-1,,-1,,-1,,,
mediastinal contours and heart size are normal .,1,0,0,,,,,,,,,,,
mediastinal contours and heart size are normal allowing for mildly rotated position .,,1,1,,,,,,,,,,,
mediastinal contours and heart size are normal for portable technique .,1,0,0,,,,,,,,,,,
mediastinal contours and heart size are within normal limits .,1,0,0,,,,,,,,,,,
mediastinal contours and heart size otherwise within normal limits .,1,0,0,,,,,,,,,,,
mediastinal contours and heart size probably within normal limits for low lung volumes .,1,0,0,,,,,,,,,,,
mediastinal contours and heart size within normal limits .,,0,1,,,,,,,,,,,
mediastinal contours and heart size within normal limits for low lung volumes .,,0,1,,,,,,,,,,,
mediastinal contours and heart size within normal limits for lung low lung volumes .,,0,1,,,,,,,,,,,
mediastinal contours and heart size within normal limits for portable technique .,,0,1,,,,,,,,,,,
mediastinal contours and heart size within normal limits for portable technique and low lung volumes .,,0,1,,,,,,,,,,,
mediastinal contours and heart size within normal limits for single portable view .,,0,1,,,,,,,,,,,
mediastinal contours and heart size within normal limits for technique .,,0,1,,,,,,,,,,,
mediastinal contours are normal .,1,0,,,,,,,,,,,,
mediastinal contours are otherwise normal .,1,0,,,,,,,,,,,,
mediastinal contours mildly enlarged given low lung volumes .,,1,,,,,,,,,,,,
mediastinal contours normal .,1,0,,,,,,,,,,,,
mediastinal contours normal for technique .,1,0,,,,,,,,,,,,
mediastinal contours normal given ap technique .,1,0,,,,,,,,,,,,
mediastinal contours normal given low lung volumes .,1,0,,,,,,,,,,,,
mediastinal contours normal given low lung volumes and probable basilar atelectasis .,1,0,,,,,,,0,,,,,
mediastinal contours normal given technique and lung volumes .,1,0,,,,,,,,,,,,
mediastinal contours normal right basilar opacity .,1,0,,,0,,,,,,,,,
"mediastinal contours obscured by bilateral ground-glass opacities , consolidation , or edema .",,-1,,,-1,-1,-1,,,,,,,
"mediastinal contours obscured by hazy bibasilar opacities , perhaps atelectasis .",,-1,,,-1,,,,-1,,,,,
mediastinal contours otherwise normal .,1,0,,,,,,,,,,,,
mediastinal contours otherwise within normal limits .,1,0,,,,,,,,,,,,
mediastinal contours otherwise within normal limits allowing for mildly rotated position .,1,0,,,,,,,,,,,,
mediastinal contours probably normal given low lung volumes .,1,0,,,,,,,,,,,,
mediastinal contours slightly above normal .,,1,,,,,,,,,,,,
mediastinal contours within normal limits .,1,0,,,,,,,,,,,,
mediastinal contours within normal limits for low lung volumes .,1,0,,,,,,,,,,,,
mediastinal drain .,1,,,,,,,,,,,,,1
mediastinal drainage tube is present .,1,,,,,,,,,,,,,1
mediastinal probable suture material .,1,,,,,,,,,,,,,
mediastinal silhouette is within normal for technique .,1,0,,,,,,,,,,,,
"mediastinal surgical clips , saphenous vein graft marker , and intact sternotomy wires .",1,,,,,,,,,,,,,1
mediastinal surgical clips .,1,,,,,,,,,,,,,
mediastinal surgical clips and intact sternotomy wires .,1,,,,,,,,,,,,,
mediastinal surgical clips and left hilar surgical clips .,1,,,,,,,,,,,,,
mediastinal surgical clips and ostial markers .,1,,,,,,,,,,,,,1
mediastinal surgical clips are present .,1,,,,,,,,,,,,,
"mediastinal wires , many of which are fractured and displaced .",,,,,,,,,,,,,1,
mediastinal wires are present .,1,,,,,,,,,,,,,
mediastinum .,1,,,,,,,,,,,,,
mediastinum and cardiac silhouette normal .,1,,0,,,,,,,,,,,
mediastinum is normal .,1,,,,,,,,,,,,,
mediastinum mildly enlarged .,1,,,,,,,,,,,,,
mediastinum normal .,1,,,,,,,,,,,,,
mediastinum normal given low lung volumes .,1,,,,,,,,,,,,,
mediastinum normal given technique .,1,,,,,,,,,,,,,
mediastinum pleural space drainage tubes are present .,1,,,,,,,,,,,,,1
mediastinum probably normal given low lung volumes .,1,,,,,,,,,,,,,
mediastinum silhouetted by bibasilar pleural effusions with superimposed atelectasis versus consolidation .,,,,,,,-1,,-1,,1,,,
mediastinum upper limits of normal in size .,1,,,,,,,,,,,,,
metal particles or artifact are present in relation to upper left hemithorax .,1,,,,,,,,,,,,,
metallic forceps are present in the midline .,1,,,,,,,,,,,,,
metallic tips and devices are present in the right perihilar region .,1,,,,,,,,,,,,,1
midline subdiaphragmatic lucency may represent pneumoperitoneum or gas within the bowel .,,,,,,,,,,,,,,
midline surgical skin staples .,1,,,,,,,,,,,,,
"mild , left-convex thoracic scoliotic curve is present .",1,,,,,,,,,,,,,
mild airway wall thickening .,,,,,1,,,,,,,,,
mild airway wall thickening and fine nodules or mucus plugging in the right upper lobe .,,,,-1,1,,,,,,,,,
mild airway wall thickening versus possible ground-glass opacity at the right lung base .,,,,,-1,,,,,,,,,
mild airway wall thickening versus pulmonary edema .,,,,,-1,-1,,,,,,,,
mild amount of subcutaneous emphysema in soft tissues of the left lateral chest wall .,,,,,,,,,,,,,,
mild apical pleural parenchymal scarring .,,,,,1,,,,,,,1,,
mild apical scarring .,,,,,1,,,,,,,,,
"mild atheromatous calcification of the aortic arch , otherwise normal cardiomediastinal silhouette .",,0,,,,,,,,,,,,
mild basilar atelectasis .,,,,,,,,,1,,,,,
mild basilar subsegmental atelectasis .,,,,,,,,,1,,,,,
mild biapical pleural parenchymal scarring .,,,,,1,,,,,,,1,,
mild bibasilar atelectasis .,,,,,,,,,1,,,,,
mild bibasilar atelectasis and possible left pleural effusion .,,,,,,,,,1,,-1,,,
mild bibasilar opacities likely represent atelectasis .,,,,,1,,,,1,,,,,
mild bibasilar opacity likely represents atelectasis .,,,,,1,,,,1,,,,,
mild bibasilar subsegmental atelectasis .,,,,,,,,,1,,,,,
mild blunting of the lateral costophrenic angles may represent small pleural effusions .,,,,,,,,,,,-1,,,
mild blunting of the left lateral costophrenic angle may represent a small pleural effusion or pleural thickening / scarring .,,,,,1,,,,,,-1,-1,,
mild cardiomegaly .,,,1,,,,,,,,,,,
mild cardiomegaly is likely present .,,,1,,,,,,,,,,,
mild cardiomegaly is possibly present .,,,1,,,,,,,,,,,
mild cardiomegaly is present .,,,1,,,,,,,,,,,
mild cardiomegaly is questionably present .,,,1,,,,,,,,,,,
mild cardiomegaly noted .,,,1,,,,,,,,,,,
mild central airway wall thickening versus peribronchial cuffing consistent with pulmonary edema .,,,,,-1,1,,,,,,,,
mild convex right scoliosis in the thoracic spine .,,,,,,,,,,,,,,
"mild diffuse airway wall thickening , more likely present at the right lung base .",,,,,1,,,,,,,,,
mild diffuse ground-glass opacity most likely represents pulmonary edema .,,,,,1,1,,,,,,,,
mild diffuse hazy ground-glass opacities could represent pulmonary edema .,,,,,1,-1,,,,,,,,
mild diffuse hazy opacity likely represents pulmonary edema .,,,,,1,1,,,,,,,,
"mild diffuse peribronchial cuffing , probable mild pulmonary edema .",,,,,,1,,,,,,,,
mild diffuse reticular ground-glass opacities could represent pulmonary edema .,,,,,1,-1,,,,,,,,
mild diffuse reticular opacity likely represents pulmonary edema .,,,,,1,1,,,,,,,,
mild elevation of left hemidiaphragm is likely present .,,,,,,,,,,,,,,
mild elevation of the left hemidiaphragm .,,,,,,,,,,,,,,
mild elevation of the left hemidiaphragm versus cardiac fat pad .,,,,,,,,,,,,,,
mild elevation of the right hemidiaphragm .,,,,,,,,,,,,,,
mild enlarged cardiac silhouette .,,,1,,,,,,,,,,,
mild eventration of the right hemidiaphragm .,,,,,,,,,,,,,,
mild gaseous distension of the stomach and elevation of the left hemidiaphragm .,,,,,,,,,,,,,,
mild ground-glass opacities in the right lung could represent pulmonary edema .,,,,,1,-1,,,,,,,,
"mild ground-glass opacities versus pulmonary edema , greatest in the left lung .",,,,,-1,-1,,,,,,,,
mild ground-glass opacities versus pulmonary edema best demonstrated in the left lung .,,,,,-1,-1,,,,,,,,
mild hazy and reticular opacities could represent pulmonary edema .,,,,,1,-1,,,,,,,,
mild hazy ground-glass opacities may represent edema .,,,,,1,-1,,,,,,,,
mild interstitial thickening could represent pulmonary edema .,,,,,,-1,,,,,,,,
mild interstitial thickening likely representing pulmonary edema .,,,,,,1,,,,,,,,
mild interstitial thickening likely represents edema .,,,,,,1,,,,,,,,
mild interstitial thickening likely represents pulmonary edema .,,,,,,1,,,,,,,,
possible mild interstitial thickening,,,,,,1,,,,,,,,
mild left basilar atelectasis .,,,,,,,,,1,,,,,
mild left basilar atelectasis or consolidation .,,,,,,,-1,,-1,,,,,
mild left basilar subsegmental atelectasis .,,,,,,,,,1,,,,,
mild lower lobe airway wall thickening .,,,,,1,,,,,,,,,
mild mediastinal shift to the left .,1,,,,,,,,,,,,,
mild patchy consolidation in the right infrahilar lung .,,,,,,,1,,,,,,,
mild patchy consolidation versus pulmonary contusion in the left lower lung .,,,,,,,-1,,,,,,,
mild patchy ground-glass opacities versus airway wall thickening at the right lung base .,,,,,-1,,,,,,,,,
mild patchy ground-glass opacity at the right lung base .,,,,,1,,,,,,,,,
"mild peribronchial cuffing , possible mild pulmonary edema .",,,,,,1,,,,,,,,
"mild peribronchial cuffing , possible pulmonary edema .",,,,,,-1,,,,,,,,
"mild peribronchial cuffing , probable pulmonary edema .",,,,,,-1,,,,,,,,
"mild peribronchial cuffing , pulmonary edema versus superimposed ground-glass opacities that are upper lobe predominant .",,,,,1,-1,,,,,,,,
mild peribronchial cuffing and few septal lines consistent with pulmonary edema .,,,,,,1,,,,,,,,1
"mild peribronchial cuffing and trace fluid along the right major fissure , probable mild pulmonary edema .",,,,,,1,,,,,,,,
mild peribronchial cuffing consistent pulmonary edema .,,,,,,1,,,,,,,,
mild peribronchial cuffing consistent pulmonary edema best demonstrated in the left lung .,,,,,,1,,,,,,,,
mild peribronchial cuffing consistent with edema .,,,,,,1,,,,,,,,
mild peribronchial cuffing consistent with pulmonary edema .,,,,,,1,,,,,,,,
"mild peribronchial cuffing consistent with pulmonary edema versus airway wall thickening , although no septal lines are identified .",,,,,-1,-1,,,,,,,,0
"mild peribronchial cuffing with ground-glass opacity in a subpleural distribution , greatest in the left lung .",,,,,1,,,,,,,,,
mild peribronchial thickening consistent with pulmonary edema .,,,,,1,1,,,,,,,,
mild perihilar cuffing suggesting mild pulmonary edema .,,,,,,1,,,,,,,,
mild perihilar opacities could represent pulmonary edema .,,,,,1,-1,,,,,,,,
mild perihilar reticular opacities likely represent pulmonary edema .,,,,,1,1,,,,,,,,
mild pleural parenchymal scarring at the left lung apex .,,,,,1,,,,,,,1,,
mild pleural thickening is present in the lateral-basal left hemithorax .,,,,,,,,,,,,1,,
mild pleural thickening is present in the right lateral costophrenic sulcus .,,,,,,,,,,,,1,,
mild pleural thickening is questionably present in the left lateral costophrenic sulcus .,,,,,,,,,,,,1,,
mild possible cardiomegaly .,,,-1,,,,,,,,,,,
mild pulmonary edema .,,,,,,1,,,,,,,,
mild pulmonary edema noted .,,,,,,1,,,,,,,,
mild pulmonary edema versus airway wall thickening .,,,,,-1,-1,,,,,,,,
mild pulmonary edema versus ground-glass opacities in the left lung .,,,,,1,-1,,,,,,,,
mild pulmonary edema versus patchy consolidation .,,,,,,-1,-1,,,,,,,
mild pulmonary edema versus patchy ground-glass opacities .,,,,,1,-1,,,,,,,,
mild pulmonary edema with fluid along the right minor fissure .,,,,,,1,,,,,,,,
mild relative elevation of right hemidiaphragm is present .,,,,,,,,,,,,,,
mild reticular opacities are compatible with pulmonary edema .,,,,,1,-1,,,,,,,,
mild reticular opacities in the left lung could represent edema .,,,,,1,-1,,,,,,,,
mild reticular opacities likely represent edema .,,,,,1,1,,,,,,,,
mild reticular opacities likely represent pulmonary edema .,,,,,1,1,,,,,,,,
mild reticular opacities likely represents pulmonary edema .,,,,,1,1,,,,,,,,
mild reticular opacities may represent pulmonary edema .,,,,,1,-1,,,,,,,,
mild right apical pleural parenchymal scarring .,,,,,1,,,,,,,1,,
mild right basal atelectasis .,,,,,,,,,1,,,,,
mild right basilar atelectasis .,,,,,,,,,1,,,,,
mild right basilar atelectasis also seen .,,,,,,,,,1,,,,,
mild right basilar atelectasis and pleural effusion .,,,,,,,,,1,,1,,,
mild right basilar subsegmental atelectasis .,,,,,,,,,1,,,,,
mild right subcutaneous emphysema along the chest wall .,,,,,,,,,,,,,,
mild right upper lung pleural thickening noted .,,,,,,,,,,,,1,,
mild rightward curvature of the thoracic spine .,1,,,,,,,,,,,,,
mild rightward deviation of the trachea is present at the thoracic inlet .,1,,,,,,,,,,,,,
mild rotation .,1,,,,,,,,,,,,,
mild subcutaneous emphysema .,,,,,,,,,,,,,,
mild subsegmental atelectasis in the mid left lung .,,,,,,,,,1,,,,,
mild subsegmental atelectasis in the mid right lung and at the left lung base .,,,,,,,,,1,,,,,
mild subsegmental atelectasis is noted at both lung bases .,,,,,,,,,1,,,,,
mild subsegmental left basilar atelectasis noted .,,,,,,,,,1,,,,,
mild superior right pleural effusion or pleural thickening .,,,,,,,,,,,-1,-1,,
mild upper lobe airway wall thickening .,,,,,1,,,,,,,,,
"mild widening of the right paratracheal mediastinum is present , likely a dilated brachiocephalic artery .",,1,,,,,,,,,,,,
mild widening of the superior mediastinum .,,1,,,,,,,,,,,,
"mild widening of the superior mediastinum is present , likely thyromegaly .",,1,,,,,,,,,,,,
mildly displaced fracture of a lower right rib .,,,,,,,,,,,,,1,
mildly displaced fracture of the lateral right seventh rib .,,,,,,,,,,,,,1,
mildly displaced left lower rib fractures .,,,,,,,,,,,,,1,
mildly displaced left rib fractures .,,,,,,,,,,,,,1,
mildly elevated left hemidiaphragm .,1,,,,,,,,,,,,,
mildly elevated left hemidiaphragm with left basilar subsegmental atelectasis .,,,,,,,,,1,,,,,
mildly elevated lung volumes .,1,,,,,,,,,,,,,
mildly elevated right hemidiaphragm .,1,,,,,,,,,,,,,
mildly enlarged cardiac silhouette .,,,1,,,,,,,,,,,
mildly enlarged cardiomediastinal silhouette .,,1,,,,,,,,,,,,
mildly enlarged contour of the aortic arch .,,1,,,,,,,,,,,,
mildly enlarged contour of the ascending thoracic aorta .,,1,,,,,,,,,,,,
mildly enlarged contour of the main pulmonary artery .,,1,,,,,,,,,,,,
mildly enlarged hilar contours .,,1,,,,,,,,,,,,
mildly enlarged left hilum likely due to pulmonary hypertension .,,,,,,,,,,,,,,
mildly enlarged right hilar contour .,,1,,,,,,,,,,,,
mildly enlarged right hilar contour may represent central pulmonary vessel enlargement .,,1,,,,,,,,,,,,
mildly enlarged right hilum could be due to post-surgical changes .,1,,,,,,,,,,,,,
mildly enlarged superior mediastinal contours and cardiac contours .,,1,1,,,,,,,,,,,
mildly high lung volumes .,1,,,,,,,,,,,,,
mildly rotated image .,1,,,,,,,,,,,,,
mildly rotated position .,1,,,,,,,,,,,,,
mildly widened right acromioclavicular joint .,1,,,,,,,,,,,,,
minimal apical scarring .,,,,,1,,,,,,,,,
minimal bibasilar subsegmental atelectasis .,,,,,,,,,1,,,,,
minimal blunting of the lateral costophrenic angles may represent pleural effusion .,,,,,,,,,,,-1,,,
minimal blunting of the lateral left costophrenic angle may represent a small pleural effusion .,,,,,,,,,,,-1,,,
minimal interstitial lung edema is questionably present .,,,,,1,1,,,,,,,,
minimal pleural thickening is present in left lateral costophrenic sulcus .,,,,,,,,,,,,1,,
minimal subcutaneous emphysema is present in the chest wall .,,,,,,,,,,,,,,
mitral and tricuspid valve annuloplasty devices are present .,1,,,,,,,,,,,,,1
mitral annuloplasty ring .,1,,,,,,,,,,,,,
mitral annuloplasty ring is present .,1,,,,,,,,,,,,,
mitral annulus calcification .,,,,,,,,,,,,,,
mitral annulus calcification is present .,,,,,,,,,,,,,,
mitral aortic valve devices are present .,1,,,,,,,,,,,,,1
mitral valve annuloplasty device is present .,1,,,,,,,,,,,,,1
mitral valve prosthesis .,1,,,,,,,,,,,,,1
moderate amount of right pleural fluid is present .,,,,,,,,,,,1,,,
moderate cardiomegaly .,,,1,,,,,,,,,,,
moderate cardiomegaly is present .,,,1,,,,,,,,,,,
moderate cardiomegaly noted .,,,1,,,,,,,,,,,
moderate elevation of interior right hemidiaphragm is present .,,,,,,,,,,,,,,
moderate elevation of right hemidiaphragm is present .,,,,,,,,,,,,,,
moderate elevation of the left hemidiaphragm .,,,,,,,,,,,,,,
moderate elevation of the right hemidiaphragm .,,,,,,,,,,,,,,
moderate layering left pleural effusion .,,,,,,,,,,,1,,,
moderate layering right pleural effusion .,,,,,,,,,,,1,,,
moderate left pleural effusion .,,,,,,,,,,,1,,,
moderate pulmonary edema with moderate-sized left pleural effusion .,,,,,,1,,,,,1,,,
moderate relative elevation of right hemidiaphragm is present .,,,,,,,,,,,,,,
moderate right and small left pleural effusion .,,,,,,,,,,,1,,,
moderate right pleural effusion .,,,,,,,,,,,1,,,
moderate right pleural effusion layering laterally and extending to the right apex .,,,,,,,,,,,1,,,
moderate right pleural effusion with probable adjacent atelectasis obscuring cardiac silhouette .,,,0,,,,,,-1,,-1,,,
moderate right pleural effusion with right basilar consolidation or atelectasis .,,,,,,,-1,,-1,,1,,,
moderate right pleural effusion with right basilar subsegmental atelectasis versus consolidation .,,,,,,,-1,,-1,,1,,,
moderate right pneumothorax .,,,,,,,,,,1,,,,
moderate to large left pleural effusion with adjacent atelectasis versus pneumonia .,,,,,,,,-1,-1,,1,,,
moderate- to large-sized left pneumothorax is present .,,,,,,,,,,1,,,,
moderate-large sized right hydropneumothorax .,,,,,,,,,,1,,,,
moderate-size hiatal hernia is present .,,,,,,,,,,,,,,
moderate-sized esophageal hiatus hernia is present .,,,,,,,,,,,,,,
moderate-sized left pleural effusion .,,,,,,,,,,,1,,,
moderate-sized right pleural effusion .,,,,,,,,,,,1,,,
moderate-sized right pleural effusion with associated compressive atelectasis versus consolidation .,,,,,,,-1,,-1,,1,,,
moderate-sized right pleural effusion with right basal consolidation versus multisegmental atelectasis .,,,,,,,-1,,-1,,1,,,
moderate-sized right pleural effusion with right basilar multisegmental atelectasis versus consolidation .,,,,,,,-1,,-1,,1,,,
moderately elevated right hemidiaphragm .,1,,,,,,,,,,,,,
motion-degraded chest radiograph .,1,,,,,,,,,,,,,
multi-level left rib fractures .,,,,,,,,,,,,,1,
"multifocal , multilobe consolidative opacities are present .",,,,,1,,1,,,,,,,
multifocal bilateral parenchymal opacities .,,,,,1,,,,,,,,,
"multifocal consolidation in the bilateral lungs , greatest at the left lung base .",,,,,,,1,,,,,,,
multilevel displaced right rib fractures are likely remote .,,,,,,,,,,,,,1,
multilobar atelectasis of the right lung .,,,,,,,,,1,,,,,
"multilobar consolidation is present in the left upper lobe , left lower lobe , right upper lobe and right lower lobe .",,,,,,,1,,,,,,,
multilobar consolidative opacities are present .,,,,,1,,1,,,,,,,
multilobar opacities in the left lung are consistent with consolidated and / or atelectatic lung .,,,,,1,,-1,,1,,,,,
multiple cardiac valves protheses are present .,1,,,,,,,,,,,,,1
multiple displaced right rib fractures .,,,,,,,,,,,,,1,
multiple external leads project over the upper chest .,1,,,,,,,,,,,,,
multiple healed rib fractures are seen .,,,,,,,,,,,,,1,
multiple left healed fractures are noted .,,,,,,,,,,,,,1,
"multiple left lower rib fractures , appear chronic due to presence of callus formation .",,,,,,,,,,,,,1,
multiple left-sided rib fractures noted .,,,,,,,,,,,,,1,
multiple mediastinal surgical clips .,1,,,,,,,,,,,,,
multiple mediastinal surgical clips and sternotomy wires .,1,,,,,,,,,,,,,
multiple old healed left sided rib fractures .,,,,,,,,,,,,,1,
multiple old healed right lateral rib fractures .,,,,,,,,,,,,,1,
multiple old healed right posterior rib fractures .,,,,,,,,,,,,,1,
"multiple overlying leads , limiting evaluation .",1,,,,,,,,,,,,,
"multiple pulmonary nodules are present bilaterally , suspicious for metastasis .",,,,1,,,,,,,,,,
multiple remote left rib fractures .,,,,,,,,,,,,,1,
multiple skin folds project over the upper right hemithorax .,1,,,,,,,,,,,,,
multiple small mediastinal surgical clips .,1,,,,,,,,,,,,,
multiple small nodular opacities are noted with cavitation .,,,,1,1,,,,,,,,,
multiple small surgical clips project over the left cardiac border .,1,,,,,,,,,,,,,
multiple surgical clips .,1,,,,,,,,,,,,,
multiple surgical clips and question pacing wire overlie the heart .,,,1,,,,,,,,,,,
multiple surgical clips project over the cardiac silhouette .,1,,,,,,,,,,,,,
multiple surgical clips project over the left cardiomediastinal order .,1,,,,,,,,,,,,,
multiple surgical clips project over the left cardiomediastinal silhouette .,,1,,,,,,,,,,,,
multiple surgical clips project over the left upper abdomen .,1,,,,,,,,,,,,,
multiple surgical clips project over the right axilla .,1,,,,,,,,,,,,,
multiple surgical clips project over the upper mediastinum and apical right hemi thorax .,,1,,,,,,,,,,,,
multiple vascular stents project over the left axilla and upper left hemithorax .,1,,,,,,,,,,,,,
multiple wires overlie the cardiac silhouette .,,,1,,,,,,,,,,,
multisegmental atelectasis is likely present in both lower lobes .,,,,,,,,,1,,,,,
multisegmental atelectasis is likely present in the left lower lobe .,,,,,,,,,1,,,,,
multisegmental consolidation is present in the right upper lobe and right lower lobe .,,,,,,,1,,,,,,,
multisegmental consolidative opacities are present in the left parahilar lung and left lower lobe .,,,,,1,,1,,,,,,,
multisegmental consolidative opacities are present in the right upper lobe and right lower lobe .,,,,,1,,1,,,,,,,
multisegmental left lower lobe opacities consistent with atelectatic and / or consolidated lung .,,,,,1,,1,,-1,,,,,
multisegmental left lower lobe opacities consistent with consolidated and / or atelectatic lung .,,,,,1,,-1,,1,,,,,
multisegmental left lower lobe opacity is also consistent with atelectatic lung .,,,,,1,,,,1,,,,,
multisegmental left lower lobe opacity is consistent with atelectatic and / or consolidated lung .,,,,,1,,1,,1,,,,,
multisegmental left lower lobe opacity is consistent with atelectatic lung .,,,,,1,,,,1,,,,,
multisegmental left lower lobe opacity is likely consolidated lung .,,,,,1,,1,,,,,,,
"multisegmental left lower lobe opacity is present , consistent with atelectatic and / or consolidated lung .",,,,,1,,1,,-1,,,,,
"multisegmental left lower lobe opacity is present , consistent with atelectatic and / or consolidated lung and / or pleural fluid .",,,,,1,,1,,-1,,-1,,,
"multisegmental left lower lobe opacity is questionably present , consistent with atelectatic and / or consolidated lung .",,,,,1,,1,,-1,,,,,
"multisegmental left lower lung opacity is present , consistent with consolidation .",,,,,1,,1,,,,,,,
"multisegmental left upper lobe and left lower lobe opacities are present , consistent with atelectatic and / or consolidated lung .",,,,,1,,1,,-1,,,,,
"left lower lobe opacity , maybe due to effusion with adjacent atelectasis",,,,,1,,1,,-1,,,,,
multisegmental left upper lung opacities consistent with atelectatic and / or consolidated lung .,,,,,1,,1,,1,,,,,
"multisegmental lower lobe opacities are present , consistent with areas of consolidated and atelectatic lung .",,,,,1,,1,,1,,,,,
multisegmental opacities are present in both lower lobe consistent with atelectatic and / or consolidated lung .,,,,,1,,1,,-1,,,,,
multisegmental opacity in the left lower lung is consistent with consolidation .,,,,,1,,1,,,,,,,
"multisegmental opacity is present in both lower lobes , likely atelectatic lung .",,,,,1,,,,1,,,,,
"multisegmental opacity is present in the left lower lobe , consistent with atelectatic and / or consolidated lung .",,,,,1,,1,,1,,,,,
multisegmental opacity is present in the right lower and middle lobes consistent with consolidated and / or atelectatic lung .,,,,,1,,1,,1,,,,,
"multisegmental opacity is questionably present in retrocardiac left lower lobe , consistent with atelectatic and / or consolidated lung .",,,,,1,,1,,1,,,,,
"multisegmental opacity is questionably present in the left lower lobe , consistent with atelectatic and / or consolidated lung .",,,,,1,,1,,1,,,,,
multisegmental right lower lobe opacities consistent with atelectatic and / or consolidated lung .,,,,,1,,1,,-1,,,,,
multisegmental right lower lobe opacity is consistent with consolidated lung .,,,,,1,,1,,,,,,,
"multisegmental right lower lobe opacity is present , consistent with atelectatic and / or consolidated lung .",,,,,1,,1,,-1,,,,,
multisegmental right upper lobe consolidation is present .,,,,,,,1,,,,,,,
multisegmental-size parenchymal opacity projects over the left lung base .,,,,,1,,,,,,,,,
multisegmental-size patchy bilateral parenchymal opacities may represent multifocal infectious process or acute lung injury edema .,,,,,1,1,,-1,,,,,,
multisegmental-sized parenchymal opacity in the left lung base is favored to represent atelectasis .,,,,,1,,,,1,,,,,
nasal cannula is present .,1,,,,,,,,,,,,,1
"nasogastric tube , right ij catheter and picc line or adequate position .",1,,,,,,,,,,,,,1
"near complete opacification of the right hemithorax which may represent pleural effusion or parenchymal consolidation , or a combination thereof .",,,,,1,,-1,,,,-1,,,
negative pneumothorax .,,,,,,,,,,1,,,,
neuro stimulator device overlies a left chest .,1,,,,,,,,,,,,,1
ng tube is below the diaphragm .,1,,,,,,,,,,,,,1
ng tube tip is below the diaphragm .,1,,,,,,,,,,,,,1
ng tube tip is in the stomach .,1,,,,,,,,,,,,,1
no acute cardiopulmonary findings .,1,,,,,,,,,,,,,
no acute displaced rib fracture is identified .,1,,,,,,,,,,,,0,
no acute displaced rib fractures are identified .,1,,,,,,,,,,,,0,
no acute fracture .,1,,,,,,,,,,,,0,
no acute fracture is present .,1,,,,,,,,,,,,0,
no acute osseous abnormalities .,1,,,,,,,,,,,,,
no acute osseous abnormalities are noted .,1,,,,,,,,,,,,,
no acute osseous abnormalities are present .,1,,,,,,,,,,,,,
no acute osseous abnormalities are seen .,1,,,,,,,,,,,,,
no acute osseous abnormalities noted .,1,,,,,,,,,,,,,
no acute osseous abnormalities present .,1,,,,,,,,,,,,,
no acute osseous abnormalities seen .,1,,,,,,,,,,,,,
no acute osseous abnormality .,1,,,,,,,,,,,,,
no acute osseous abnormality although chronic fracture noted in the ribs bilaterally .,,,,,,,,,,,,,1,
no acute osseous abnormality identified .,1,,,,,,,,,,,,,
no acute osseous abnormality identified although overlying soft tissue limits evaluation .,1,,,,,,,,,,,,,
no acute osseous abnormality is identified .,1,,,,,,,,,,,,,
no acute osseous abnormality is noted .,1,,,,,,,,,,,,,
no acute osseous abnormality is present .,1,,,,,,,,,,,,,
no acute osseous abnormality noted .,1,,,,,,,,,,,,,
no acute osseous abnormality other than minimally displaced fracture in the right lateral ribs .,,,,,,,,,,,,,1,
no acute osseous abnormality seen .,1,,,,,,,,,,,,,
no acute osseous findings .,1,,,,,,,,,,,,,
no acute osseous findings noted .,1,,,,,,,,,,,,,
no acute osseous lesions are seen .,1,,,,,,,,,,,,,
no acute osseous lesions noted .,1,,,,,,,,,,,,,
no acute osseous lesions seen .,1,,,,,,,,,,,,,
no acute parenchyma or pleural abnormalities .,1,,,,,,,,,,,,,
no acute parenchyma or pleural findings .,1,,,,,,,,,,,,,
no acute parenchymal abnormality .,1,,,,,,,,,,,,,
no acute parenchymal or pleural findings .,1,,,,,,,,,,,,,
no acute pleural abnormality .,1,,,,,,,,,,,,,
no acute pulmonary parenchyma or pleural space abnormality is present .,1,,,,,,,,,,,,,
no acute pulmonary parenchyma or pleural space process is present .,1,,,,,,,,,,,,,
no acute pulmonary parenchymal process is present .,1,,,,,,,,,,,,,
no acute rib fractures are identified .,1,,,,,,,,,,,,0,
no aggressive osseous lesions are seen .,1,,,,,,,,,,,,,
no aggressive osseous lesions seen .,1,,,,,,,,,,,,,
no consolidation .,1,,,,,,0,,,,,,,
no consolidation identified .,1,,,,,,0,,,,,,,
no consolidation in left lung .,1,,,,,,0,,,,,,,
no consolidation in the left hemithorax .,1,,,,,,0,,,,,,,
no consolidation in the left lung .,1,,,,,,0,,,,,,,
no consolidation in the right lung .,1,,,,,,0,,,,,,,
no consolidation is seen .,1,,,,,,0,,,,,,,
no consolidation or mass in the left lung .,1,,,0,,,0,,,,,,,
no consolidation or mass in the right lung .,1,,,0,,,0,,,,,,,
no consolidation or pleural effusion .,1,,,,,,0,,,,0,,,
no consolidation or pleural effusion identified .,1,,,,,,0,,,,0,,,
no consolidation or pleural effusion in the left lung .,1,,,,,,0,,,,0,,,
no consolidation or pleural effusion visualized .,1,,,,,,0,,,,0,,,
no consolidation or pleural fluid is present .,1,,,,,,0,,,,0,,,
no consolidation or pulmonary contusion is identified .,1,,,,,,0,,,,,,,
no consolidation or pulmonary edema in the right lung .,1,,,,,0,0,,,,,,,
no consolidation or right pleural effusion .,1,,,,,,0,,,,0,,,
no consolidation parenchymal opacities .,1,,,,0,,0,,,,,,,
no consolidative .,1,,,,,,0,,,,,,,
no consolidative opacities .,1,,,,0,,0,,,,,,,
no consolidative opacity .,1,,,,0,,0,,,,,,,
no consolidative parenchymal opacities .,1,,,,0,,0,,,,,,,
no consolidative parenchymal opacity .,1,,,,0,,0,,,,,,,
no definite consolidation .,1,,,,,,0,,,,,,,
no definite consolidation identified .,1,,,,,,0,,,,,,,
no definite consolidation or pleural effusion identified .,1,,,,,,0,,,,0,,,
no definite effusion .,1,,,,,,,,,,0,,,
no definite effusion or pneumothorax .,1,,,,,,,,,0,0,,,
no definite effusions .,1,,,,,,,,,,0,,,
no definite effusions or pneumothorax .,,,,,,,,,,1,0,,,
no definite effusions or pneumothorax although the right costophrenic angle is not included .,1,,,,,,,,,0,0,,,
no definite effusions or pneumothorax although the right costophrenic angle is not included on the film .,1,,,,,,,,,0,0,,,
no definite large pleural effusion .,1,,,,,,,,,,0,,,
no definite left pleural effusion .,1,,,,,,,,,,0,,,
no definite pleural effusion .,1,,,,,,,,,,0,,,
no definite pleural effusion identified .,1,,,,,,,,,,0,,,
no definite pleural effusion is identified .,1,,,,,,,,,,0,,,
no definite pleural effusion visualized .,1,,,,,,,,,,0,,,
no definite pneumothorax .,1,,,,,,,,,0,,,,
no definite pneumothorax identified .,1,,,,,,,,,0,,,,
no definite pulmonary consolidation .,1,,,,,,0,,,,,,,
no definite pulmonary edema .,1,,,,,0,,,,,,,,
no definite septal lines to suggest pulmonary edema .,,,,,,1,,,,,,,,0
no definitely visualized pneumothorax .,1,,,,,,,,,0,,,,
no displaced rib fracture .,1,,,,,,,,,,,,0,
no displaced rib fracture identified .,,,,,,,,,,,,,1,
no displaced rib fracture identified although not well evaluated on single view chest exam .,1,,,,,,,,,,,,0,
no displaced rib fracture is identified .,1,,,,,,,,,,,,0,
no displaced rib fractures are identified .,1,,,,,,,,,,,,0,
no displaced rib fractures are identified radiographically .,1,,,,,,,,,,,,0,
no displaced rib fractures are visualized .,1,,,,,,,,,,,,0,
no effusion or pneumothorax .,1,,,,,,,,,0,0,,,
no effusions .,1,,,,,,,,,,0,,,
no effusions or no pneumothorax .,1,,,,,,,,,0,0,,,
no effusions or pneumothorax .,1,,,,,,,,,0,0,,,
no effusions trace right effusion .,,,,,,,,,,,1,,,
no focal consolidation .,1,,,,,,0,,,,,,,
no focal consolidation or pleural effusion .,1,,,,,,0,,,,0,,,
no focal consolidative opacity .,,,,,1,,1,,,,,,,
no focal dense consolidation .,1,,,,,,0,,,,,,,
no given effusions or pneumothorax .,1,,,,,,,,,0,0,,,
no heart size .,1,,0,,,,,,,,,,,
no intra thoracic devices are present .,1,,,,,,,,,,,,,0
no large bilateral pleural effusions .,1,,,,,,,,,,0,,,
no large left pleural effusion .,1,,,,,,,,,,0,,,
no large pleural effusion .,1,,,,,,,,,,0,,,
no large pneumothorax .,1,,,,,,,,,0,,,,
no left consolidation or pleural effusion .,1,,,,,,0,,,,0,,,
no left pleural effusion .,1,,,,,,,,,,0,,,
no left pleural fluid is present .,1,,,,,,,,,,0,,,
no left pneumothorax .,1,,,,,,,,,0,,,,
no lung consolidation is present .,1,,,,,,0,,,,,,,
no lung consolidation or left pleural fluid is present .,1,,,,,,0,,,,0,,,
no lung consolidation or pleural fluid is present .,1,,,,,,0,,,,0,,,
no lung edema is present .,1,,,,,0,,,,,,,,
no lung edema or pleural fluid is present .,1,,,,,0,,,,,0,,,
no lytic or blastic osseous lesions seen .,1,,,,,,,,,,,,,
no mediastinal widening .,1,,,,,,,,,,,,,
no osseous abnormalities present .,1,,,,,,,,,,,,,
no osseous abnormality .,1,,,,,,,,,,,,,
no osseous abnormality is present .,1,,,,,,,,,,,,,
no osseous process is present .,1,,,,,,,,,,,,,
no parenchyma or pleural space process is present in the left hemithorax .,1,,,,,,,,,,,,,
no parenchymal abnormality is present .,1,,,,,,,,,,,,,
no parenchymal opacity .,1,,,,0,,,,,,,,,
no parenchymal or pleural space abnormality is present .,1,,,,,,,,,,,,,
no pleural abnormality .,1,,,,,,,,,,,,,
no pleural effusion .,1,,,,,,,,,,0,,,
no pleural effusion identified .,1,,,,,,,,,,0,,,
no pleural effusion on the left .,1,,,,,,,,,,0,,,
no pleural effusion or pneumothorax .,1,,,,,,,,,0,0,,,
no pleural effusions .,1,,,,,,,,,,0,,,
no pleural effusions or large pneumothoraces .,1,,,,,,,,,0,0,,,
no pleural effusions or pneumothorax .,,,,,,,,,,1,0,,,
no pleural fluid accumulation is present .,1,,,,,,,,,,0,,,
no pleural fluid is present .,1,,,,,,,,,,0,,,
no pleural space abnormality is present .,1,,,,,,,,,,,,,
no pleural space process is present .,1,,,,,,,,,,,,,
no pneumomediastinum is identified .,1,,,,,,,,,,,,,
no pneumothorax .,1,,,,,,,,,0,,,,
no pneumothorax given overlying chin .,1,,,,,,,,,0,,,,
"no pneumothorax identified , head position limits evaluation .",1,,,,,,,,,0,,,,
no pneumothorax identified .,1,,,,,,,,,0,,,,
no pneumothorax identified although head position limits evaluation .,1,,,,,,,,,0,,,,
no pneumothorax identified although head position limits evaluation of the apices .,1,,,,,,,,,0,,,,
no pneumothorax identified although overlying head position limits evaluation .,1,,,,,,,,,0,,,,
no pneumothorax identified radiographically .,1,,,,,,,,,0,,,,
no pneumothorax in field of view .,1,,,,,,,,,0,,,,
no pneumothorax is identified .,1,,,,,,,,,0,,,,
no pneumothorax is present .,1,,,,,,,,,0,,,,
no pneumothorax is visualized .,1,,,,,,,,,0,,,,
no pneumothorax or effusion .,1,,,,,,,,,0,0,,,
no pneumothorax or pleural effusion .,1,,,,,,,,,0,0,,,
"no pneumothorax visualized , head position limits evaluation .",1,,,,,,,,,0,,,,
no pneumothorax visualized .,1,,,,,,,,,0,,,,
no pneumothorax visualized although head position limits evaluation .,1,,,,,,,,,0,,,,
no pulmonary abnormality is present .,1,,,,,,,,,,,,,
no pulmonary consolidation .,1,,,,,,0,,,,,,,
no pulmonary consolidation or acute airspace disease .,1,,,,0,,0,,,,,,,
no pulmonary edema .,1,,,,,0,,,,,,,,
no pulmonary edema or consolidation .,1,,,,,0,0,,,,,,,
no pulmonary edema or pleural effusion .,1,,,,,0,,,,,0,,,
no pulmonary or pleural space abnormality is present .,1,,,,,,,,,,,,,
no pulmonary parenchyma or pleural space abnormality is present .,1,,,,,,,,,,,,,
no pulmonary parenchyma or pleural space abnormality is present in the left hemithorax .,1,,,,,,,,,,,,,
no pulmonary parenchyma or pleural space process is present .,1,,,,,,,,,,,,,
no pulmonary parenchyma or pleural space process is present except for subsegmental atelectasis in the left lower lobe .,,,,,,,,,1,,,,,
no pulmonary parenchymal abnormality is present .,1,,,,,,,,,,,,,
no pulmonary parenchymal or pleural space abnormality is present .,1,,,,,,,,,,,,,
no pulmonary parenchymal or pleural space process is present .,1,,,,,,,,,,,,,
no pulmonary parenchymal process is present .,1,,,,,,,,,,,,,
no right pleural effusion .,1,,,,,,,,,,0,,,
no right pleural effusion identified .,1,,,,,,,,,,0,,,
no right-sided effusion or pneumothorax .,1,,,,,,,,,0,0,,,
no segmental or lobe consolidation is present .,1,,,,,,0,,,,,,,
no significant pleural effusion .,1,,,,,,,,,,0,,,
no visualized acute osseous abnormality .,1,,,,,,,,,,,,,
"no visualized acute parenchyma or pleural findings , however evaluation is limited patient rotation .",1,,,,,,,,,,,,,
no visualized pleural abnormality .,1,,,,,,,,,,,,,
no visualized pleural effusion .,1,,,,,,,,,,0,,,
no visualized pleural effusion or pneumothorax .,1,,,,,,,,,0,0,,,
no visualized pneumothorax .,1,,,,,,,,,0,,,,
no visualized pneumothorax however the lung apices are incompletely visualized .,1,,,,,,,,,0,,,,
no visualized pneumothorax or pleural effusion .,1,,,,,,,,,0,0,,,
"no visualized pneumothorax or pleural fusion , note however the left lung apex is obscured .",1,,,,,,,,,0,,,,
no visualized pneumothorax though evaluation is limited by patient positioning .,1,,,,,,,,,0,,,,
no visualized rib fracture .,1,,,,,,,,,,,,0,
nodular area of increased density overlying the fifth anterior rib likely represents chronic fracture as there is an adjacent chronic fracture in the sixth rib .,,,,,1,,,,,,,,1,
nodular density overlies the left lower chest which could represent pulmonary nodule versus nipple shadow .,,,,1,,,,,,,,,,
nodular left mid lung zone opacity .,,,,,1,,,,,,,,,
patchy right mid lung zone opacity,,,,,1,,,,,,,,,
nodular opacities are present in the lungs .,,,,1,1,,,,,,,,,
nodular opacities are present in the right upper lobe .,,,,1,1,,,,,,,,,
nodular opacities in the right lung concerning for pulmonary nodules .,,,,1,1,,,,,,,,,
nodular opacity in the right lung base .,,,,1,1,,,,,,,,,
nodular opacity overlying the right anterior seventh rib may represent nipple shadow .,,,,1,1,,,,,,,,,
nodular opacity overlying the right mid lung could represent pulmonary nodule or nipple shadow .,,,,1,1,,,,,,,,,
nodular opacity projecting over the lateral right lung base may represent anterior rib fracture with callus formation or pulmonary nodule .,,,,1,1,,,,,,,,-1,
"nodular opacity projects over the left mid-lower hemithorax , favored to represent nipple shadow , less likely pulmonary nodule .",,,,1,1,,,,,,,,,
nodular opacity projects over the mid left hemithorax .,,,,1,1,,,,,,,,,
nodular opacity projects over the mid right lung .,,,,1,1,,,,,,,,,
nodular opacity versus rib abnormality in the left lower hemithorax .,,,,-1,-1,,,,,,,,,
nodular right lower lung zone opacity .,,,,,1,,,,,,,,,
nodular versus consolidative opacity in the periphery of the left mid lung .,,,,,1,,-1,,,,,,,
nodule at the right apex with at least some internal coarse calcification .,,,,1,,,,,,,,,,
nodule opacity projecting over the left upper lung zone maybe due to a bone island or pulmonary nodule .,,,,1,1,,,,,,,,,
nodules versus patchy consolidation at the left lung base .,,,,-1,,,1,,,,,,,
"non-segmental opacities are present in the medial upper lobes and medial right lower lung , presumably areas of consolidated lung .",,,,,1,,1,,,,,,,
non-segmental opacity in the lateral-basal left hemithorax may represent focal pleural membrane thickening or extra pleural opacity .,,,,,1,,,,,,,,,
non-segmental opacity is present in the lateral-basal right hemithorax .,,,,,1,,,,,,,,,
"non-segmental opacity is present in the peripheral and lower right lung , consistent with pulmonary mass , consolidation or atelectasis .",,,,-1,1,,-1,,-1,,,,,
normal cardiac contour .,1,0,0,,,,,,,,,,,
normal cardiac contours .,1,0,0,,,,,,,,,,,
normal cardiac mediastinal silhouette .,1,0,,,,,,,,,,,,
normal cardiac silhouette .,1,,0,,,,,,,,,,,
normal cardiomediastinal contour .,1,0,,,,,,,,,,,,
normal cardiomediastinal contours .,1,0,,,,,,,,,,,,
normal cardiomediastinal silhouette .,1,0,,,,,,,,,,,,
normal cardiomediastinal silhouette accounting for scoliosis .,,0,,,,,,,,,,,,
normal cardiomediastinal silhouette for technique .,1,0,,,,,,,,,,,,
normal chest radiograph .,1,,,,,,,,,,,,,
normal mediastinal contours .,1,0,,,,,,,,,,,,
normal mediastinal contours and cardiac contour .,1,0,0,,,,,,,,,,,
normal mediastinal silhouette .,1,0,,,,,,,,,,,,
normal mediastinum .,1,0,,,,,,,,,,,,
normal osseous structures .,1,,,,,,,,,,,,,
normal radiographic appearance of the osseus structures .,1,,,,,,,,,,,,,
notice made of a skin fold overlying the right lateral chest .,1,,,,,,,,,,,,,
numerous bilateral pulmonary nodules are seen .,,,,1,,,,,,,,,,
numerous bilateral rounded parenchymal opacities may represent consolidation or metastatic pulmonary disease .,,,,,1,,-1,,,,,,,
"obese body habitus , limiting evaluation of the lung bases .",1,,,,,,,,,,,,,
obese body habitus .,1,,,,,,,,,,,,,
obese body habitus limits evaluation of the lung bases .,1,,,,,,,,,,,,,
"obese body habitus with soft tissue overlying the lower lungs , limiting evaluation .",1,,,,,,,,,,,,,
obese body habitus with soft tissue skin folds overlying the lower lungs .,1,,,,,,,,,,,,,
object projects over the upper left hemithorax .,1,,,,,,,,,,,,,
obscure cardiac silhouette .,,,1,,,,,,,,,,,
obscured cardiac silhouette .,1,,0,,,,,,,,,,,
old healed bilateral rib fractures .,,,,,,,,,,,,,1,
old healed left lower rib fracture .,,,,,,,,,,,,,1,
old healed left mid clavicle fracture .,,,,,,,,,,,,,1,
old healed left rib fracture .,,,,,,,,,,,,,1,
old healed left rib fractures .,,,,,,,,,,,,,1,
old healed left upper rib fractures .,,,,,,,,,,,,,1,
old healed right humerus fracture .,,,,,,,,,,,,,1,
old healed right posterior fourth rib fracture .,,,,,,,,,,,,,1,
old healed right posterior rib fracture .,,,,,,,,,,,,,1,
old healed right rib fractures .,,,,,,,,,,,,,1,
one broken sternal wires present .,1,,,,,,,,,,,,,
one or possibly two right chest tubes .,1,,,,,,,,,,,,,-1
opacification of the left hemithorax maybe due to left lung collapse secondary to obstruction .,,,,,1,,,,1,,,,,
opacification of the right hemithorax maybe due to a large pleural effusion with superimposed atelectasis versus consolidation .,,,,,-1,,-1,,-1,,1,,,
opacification of the right hemithorax maybe due to effusion with adjacent atelectasis and / or consolidation .,,,,,-1,,-1,,-1,,1,,,
"opacities , consistent with consolidated lung , are likely present in the right upper and lower lungs .",,,,,1,,1,,,,,,,
"opacities , consistent with consolidation , are present in the left lower lung .",,,,,1,,1,,,,,,,
"opacities , consistent with consolidation , are present in the right upper lobe , left upper lobe and right lower lung .",,,,,1,,1,,,,,,,
opacities are present in the left upper lobe and right lower lung and may represent foci of consolidation .,,,,,1,,1,,,,,,,
opacities at the lung bases could represent atelectasis or consolidation .,,,,,1,,-1,,-1,,,,,
opacities at the lung bases may represent a combination of effusion and atelectasis or consolidation .,,,,,1,,-1,,-1,,-1,,,
"opacities in the bilateral perihilar region , may also represent additional sites of consolidation .",,,,,1,,1,,,,,,,
opacities in the left lung base may also represent atelectasis or consolidation .,,,,,1,,-1,,-1,,,,,
opacities in the left lung maybe due to atelectasis or contusion .,,,,,-1,,,,-1,,,,,
opacities in the right lung and left lower lobe likely represent consolidation .,,,,,1,,1,,,,,,,
opacities may represent consolidation or scarring .,,,,,1,,-1,,,,,,,
opacities obscure cardiac silhouette .,,,1,,1,,,,,,,,,
opacities silhouette and compromise evaluation of the mediastinum .,,1,,,1,,,,,,,,,
opacities within the left lung and right infrahilar lung represent atelectasis or consolidation .,,,,,1,,-1,,-1,,,,,
"opacity , consistent with consolidation , is present in the left parahilar region .",,,,,1,,1,,,,,,,
"opacity , consistent with consolidation , is present in the peripheral and lower right lung .",,,,,1,,1,,,,,,,
"opacity , consistent with consolidation , is present in the right lower lung .",,,,,1,,1,,,,,,,
"opacity , likely atelectasis , subsegmental in extent , is present in superior segment right lower lobe .",,,,,1,,,,1,,,,,
opacity at the right lung base likely represents atelectasis .,,,,,1,,,,1,,,,,
opacity in the adjacent lung is consistent with atelectatic or consolidated lung .,,,,,1,,-1,,-1,,,,,
opacity in the apical right lung may represent consolidation or mass .,,,,-1,1,,-1,,,,,,,
opacity in the basal hemithoraces is consistent with a combination of pleural fluid and consolidation and atelectasis in the lower lobes .,,,,,1,,1,,1,,1,,,
opacity in the basal hemithoraces is likely a combination of pleural fluid and adjacent lung atelectasis .,,,,,1,,,,1,,1,,,
opacity in the basal hemithoraces may represent pleural fluid .,,,,,1,,,,,,-1,,,
opacity in the basal left hemithorax is consistent with pleural thickening and / or pleural fluid .,,,,,1,,,,,,-1,-1,,
"opacity in the basal left hemithorax is likely a combination of left pleural fluid and adjacent pulmonary opacity , such as atelectatic lung .",,,,,1,,,,1,,1,,,
"opacity in the basal left hemithorax is likely a combination of pleural fluid , consolidated and / or atelectatic lung .",,,,,1,,1,,1,,-1,,,
opacity in the basal left hemithorax likely represents a combination of left pleural fluid and adjacent multisegmental atelectasis and / or consolidation,,,,,1,,1,,1,,-1,,,
opacity in the basal left hemithorax is likely a combination of pleural fluid and adjacent lung atelectasis .,,,,,1,,,,1,,1,,,
"opacity in the basal left hemithorax is present , consistent with multisegmental atelectasis and / or consolidation .",,,,,1,,1,,1,,,,,
"opacity in the basal left hemithorax may represent a combination of consolidation , atelectasis , and left pleural fluid .",,,,,1,,-1,,-1,,-1,,,
opacity in the basal left hemithorax may represent a combination of left pleural fluid and adjacent multisegmental atelectasis and / or consolidation .,,,,,1,,-1,,1,,1,,,
"opacity in the basal left hemithorax may represent a combination of multisegmental atelectasis , consolidation , and / or pleural fluid .",,,,,1,,-1,,-1,,-1,,,
opacity in the basal left hemithorax may represent a combination of pleural fluid and adjacent lung consolidation or atelectasis .,,,,,1,,1,,-1,,-1,,,
opacity in the basal right hemithorax is consistent with pleural fluid .,,,,,1,,,,,,1,,,
opacity in the basal right hemithorax likely represents a combination of right pleural fluid and adjacent lung consolidation or atelectasis .,,,,,1,,1,,-1,,1,,,
"opacity in the base of the left hemithorax may represent a combination of multisegmental atelectasis and / or consolidation , and / or pleural fluid .",,,,,1,,-1,,-1,,-1,,,
opacity in the left hemithorax is likely a skin fold .,,,,,1,,,,,,,,,
opacity in the left lung base could represent atelectasis or consolidation .,,,,,1,,-1,,-1,,,,,
opacity in the left suprahilar lung is consistent with a mass .,,,,1,1,,,,,,,,,
opacity in the lower right thorax may represent a loculated pneumothorax .,,,,,1,,,,,-1,,,,
opacity in the medial-basal right hemithorax may represent a loculated pleural fluid .,,,,,1,,,,,,-1,,,
opacity in the right cardiophrenic angle .,,,,,1,,,,,,,,,
"opacity in the right hemithorax silhouetting the right hemidiaphragm , maybe due to atelectasis , consolidation , or mass .",,,,-1,1,,-1,,-1,,,,,
opacity in the right lower lung could represent fluid within the fissure and / or atelectasis .,,,,,1,,,,-1,,,,,
opacity in the right lung base likely represents compressive atelectasis .,,,,,1,,,,1,,,,,
opacity in the right mid lung is consistent with fluid in a fissure .,,,,,1,,,,,,,,,
"opacity in the right superior paratracheal mediastinum , at the level of thoracic inlet , is present , and may represent a goiter .",,1,,,1,,,,,,,,,
opacity is present in the right lower lung consistent with segmental consolidation .,,,,,1,,1,,,,,,,
opacity is questionably present in the basal left hemithorax and may represent a combination of left pleural fluid and adjacent lung atelectasis or consolidation .,,,,,1,,-1,,1,,-1,,,
"opacity obscuring the left hemidiaphragm , maybe due to consolidation .",,,,,-1,,-1,,,,,,,
"opacity occupying the mid and basilar left hemithorax with findings of volume loss , suggestive of multilobar atelectasis .",,,,,1,,,,1,,,,,
opacity overlying the right chest likely represents overlying soft tissue .,,,,,1,,,,,,,,,
opacity projecting over the lateral left hemithorax may be due to superposition of osseous structures although is indeterminate .,,,,,1,,,,,,,,,
opacity projects over the left lung base .,,,,,1,,,,,,,,,
opacity throughout the visualized portions of the right lung may represent atelectasis or consolidation .,,,,,1,,-1,,-1,,,,,
opacity with associated volume loss in the right upper lung may represent a combination scarring and consolidation .,,,,,1,,1,,,,,,,
"opacity within the basilar right hemithorax with curvilinear superior margin may represent a subpulmonic pleural effusion , parenchymal opacity .",,,,,1,,,,,,-1,,,
"opacity within the left lung base , possibly cavitary .",,,,,1,,,,,,,,,
orthopedic hardware is present in the lower cervical spine and lower thoracic / upper lumbar spine .,1,,,,,,,,,,,,,1
osseous structures are normal .,1,,,,,,,,,,,,,
"otherwise , normal cardiomediastinal silhouette .",1,0,,,,,,,,,,,,
"otherwise , normal chest radiograph .",1,,,,,,,,,,,,,
"otherwise , visualized support devices are unremarkable in appearance .",1,,,,,,,,,,,,,0
overlapping soft tissue density limits evaluation of the left lung base .,,,,,,,,,,,,,,
overlying asymmetry of the breast shadows .,1,,,,,,,,,,,,,
overlying clothing artifact .,1,,,,,,,,,,,,,
overlying pacing device .,1,,,,,,,,,,,,,1
overlying soft tissue is probably present .,1,,,,,,,,,,,,,
overlying soft tissue limits evaluation .,1,,,,,,,,,,,,,
overlying support apparatus .,1,,,,,,,,,,,,,1
ovoid density projecting over the inferior mediastinum may represent cardiac chamber enlargement or hiatal hernia .,,1,,,,,,,,,,,,
ovoid density projects over the subaortic mediastinum and may represent calcified lymph node or surgical material .,,1,,,,,,,,,,,,
ovoid radiodensities projecting over the left hilum and mediastinal silhouette likely represent lymph nodal calcifications .,,1,,,,,,,,,,,,
oxygen mask overlies the lung apices .,1,,,,,,,,,,,,,
pacemaker device is present with lead tip in the right atrial appendage and right ventricular apex .,1,,,,,,,,,,,,,1
pacemaker lead also present in a peripheral coronary vein .,1,,,,,,,,,,,,,1
pacemaker leads are located in right atrial appendage and right ventricle .,1,,,,,,,,,,,,,1
pacemaker leads are located in right atrium and right ventricle .,1,,,,,,,,,,,,,1
"pacemaker leads are located in the right atrial appendage , right ventricle and a coronary vein .",1,,,,,,,,,,,,,1
"pacemaker leads are located in the right atrial appendage , right ventricle and coronary vein .",1,,,,,,,,,,,,,1
pacemaker leads are located in the right atrial appendage and right ventricle .,1,,,,,,,,,,,,,1
"pacemaker leads are located in the right atrium , right ventricle , and coronary vein .",1,,,,,,,,,,,,,1
pacemaker leads are located in the right atrium and right ventricle .,1,,,,,,,,,,,,,1
pacemaker leads are located in the right ventricle and coronary vein .,1,,,,,,,,,,,,,1
pacemaker with lead tips in appropriate position .,1,,,,,,,,,,,,,1
paramediastinal parenchymal opacities versus enlarged superior mediastinal contour .,,1,,,1,,,,,,,,,
"parenchymal opacities in the left mid and lower lung , and smaller subsegmental-sized opacities in the right lung base .",,,,,1,,,,,,,,,
parenchymal opacity in the left lung base may represent atelectasis or consolidation .,,,,,1,,-1,,-1,,,,,
parenchymal opacity in the right lung base .,,,,,1,,,,,,,,,
parenchymal opacity in the right lung base may represent atelectasis or consolidation .,,,,,1,,-1,,-1,,,,,
parenchymal opacity projecting over the right upper lung and right lung base may represent atelectasis or consolidation .,,,,,1,,-1,,-1,,,,,
parenchymal opacity projects over the right lung base near the pleural pigtail catheter .,,,,,1,,,,,,,,,1
parenchymal opacity within the aerated portions of the right lung .,,,,,1,,,,,,,,,
parenchymal opacity within the right mid and lower lung .,,,,,1,,,,,,,,,
partial absence of the posterior arch of right fourth rib is present .,1,,,,,,,,,,,,,
partial resection of right upper ribs .,1,,,,,,,,,,,,,
partial visualization of bilateral shoulder arthroplasties .,1,,,,,,,,,,,,,1
partial visualization of fusion hardware in the cervical spine .,1,,,,,,,,,,,,,1
partial visualization of fusion hardware in the lower cervical and upper thoracic spine .,1,,,,,,,,,,,,,1
partial visualization of fusion hardware in the lumbar spine .,1,,,,,,,,,,,,,1
partial visualization of medullary rod in the right humerus .,1,,,,,,,,,,,,,
partial visualization of shoulder arthroplasties .,1,,,,,,,,,,,,,1
partially gas-filled loops of large bowel project under the right hemidiaphragm .,1,,,,,,,,,,,,,
partially obscured mediastinum otherwise appears unremarkable .,1,0,,,,,,,,,,,,
partially visualized cardiac silhouette is within normal .,1,,0,,,,,,,,,,,
partially visualized catheter projects over the upper abdomen .,1,,,,,,,,,,,,,1
partially visualized catheter tubing projecting over the mid thorax and may represent mediastinal drains or are external .,1,,,,,,,,,,,,,1
partially visualized catheter tubing projects over the left abdomen .,1,,,,,,,,,,,,,1
partially visualized catheter tubing projects over the mid left abdomen .,1,,,,,,,,,,,,,1
partially visualized cervical acdf .,1,,,,,,,,,,,,,
partially visualized cervical spine fixation hardware .,1,,,,,,,,,,,,,1
partially visualized enlarged cardiac silhouette .,,,1,,,,,,,,,,,
partially visualized feeding tube .,1,,,,,,,,,,,,,1
partially visualized ivc filter .,1,,,,,,,,,,,,,
partially visualized left shoulder arthroplasty .,1,,,,,,,,,,,,,1
partially visualized likely enlarged cardiac silhouette .,,,1,,,,,,,,,,,
partially visualized lumbar spine fixation hardware .,1,,,,,,,,,,,,,1
partially visualized right humeral fixation hardware .,1,,,,,,,,,,,,,1
partially visualized right midline catheter .,1,,,,,,,,,,,,,1
partially visualized right shoulder arthroplasty .,1,,,,,,,,,,,,,1
partially visualized right shoulder prosthesis .,1,,,,,,,,,,,,,
partially visualized spinal fusion hardware .,1,,,,,,,,,,,,,1
partially visualized suture anchor in the right humeral head .,1,,,,,,,,,,,,,
partially visualized thoracolumbar spinal fixation hardware .,1,,,,,,,,,,,,,1
"patchy airspace opacities and peribronchial cuffing , consistent with pulmonary edema and / or infection .",,,,,1,-1,,-1,,,,,,
patchy airspace opacities and probable pleural effusion in the right hemithorax .,,,,,1,,,,,,-1,,,
patchy airspace opacities in the right upper lobe .,,,,,1,,,,,,,,,
patchy areas of consolidation noted .,,,,,,,1,,,,,,,
patchy bibasilar consolidation and ground-glass opacities .,,,,,1,,1,,,,,,,
"patchy bibasilar opacities , maybe due to edema or ground-glass opacities .",,,,,1,-1,,,,,,,,
patchy bibasilar opacities .,,,,,1,,,,,,,,,
"patchy bibasilar opacities may be due to atelectasis , ground-glass opacities , or consolidation .",,,,,1,,-1,,-1,,,,,
patchy bibasilar opacities may be due to atelectasis or infection .,,,,,1,,,-1,-1,,,,,
patchy bibasilar opacities may represent atelectasis or consolidation .,,,,,1,,-1,,-1,,,,,
patchy bibasilar opacities maybe due to atelectasis or consolidation .,,,,,1,,-1,,-1,,,,,
patchy bibasilar opacities maybe due to effusion with superimposed consolidation .,,,,,1,,1,,,,1,,,
"patchy bibasilar pulmonary opacities , atelectasis , consolidation , or ground-glass opacity .",,,,,1,,-1,,-1,,,,,
patchy bilateral basilar ground-glass and / or consolidated opacities .,,,,,-1,,1,,,,,,,
patchy bilateral basilar opacities .,,,,,1,,,,,,,,,
patchy bilateral consolidation .,,,,,,,1,,,,,,,
patchy bilateral consolidation and ground-glass opacities .,,,,,1,,1,,,,,,,
patchy bilateral consolidation noted .,,,,,,,1,,,,,,,
patchy bilateral consolidative opacities .,,,,,1,,1,,,,,,,
patchy bilateral consolidative parenchymal opacities .,,,,,1,,1,,,,,,,
patchy bilateral edema or ground-glass opacities .,,,,,1,-1,,,,,,,,
"patchy bilateral ground-glass opacities , consolidation , or edema .",,,,,-1,-1,-1,,,,,,,
"patchy bilateral ground-glass opacities , maybe due to edema .",,,,,-1,1,,,,,,,,
"patchy bilateral ground-glass opacities , maybe due to edema or infection .",,,,,-1,-1,,-1,,,,,,
patchy bilateral ground-glass opacities .,,,,,1,,,,,,,,,
patchy bilateral ground-glass opacities maybe due to edema or infection .,,,,,1,-1,,-1,,,,,,
patchy bilateral ground-glass opacities or edema .,,,,,-1,-1,,,,,,,,
patchy bilateral ground-glass opacities possible right basilar consolidation .,,,,,1,,-1,,,,,,,
patchy bilateral ground-glass pulmonary opacities .,,,,,1,,,,,,,,,
"patchy bilateral opacities , maybe due to edema or ground-glass opacities .",,,,,1,-1,,,,,,,,
patchy bilateral opacities may represent edema or consolidation .,,,,,1,-1,-1,,,,,,,
patchy bilateral parenchymal opacities .,,,,,1,,,,,,,,,
patchy bilateral parenchymal opacities may represent areas of consolidation or edema .,,,,,1,-1,-1,,,,,,,
"patchy bilateral parenchymal opacities may represent edema , consolidation , or atelectasis .",,,,,1,-1,-1,,-1,,,,,
patchy bilateral parenchymal opacities may represent edema or consolidation .,,,,,1,-1,-1,,,,,,,
patchy bilateral parenchymal opacities may represent ground-glass opacities or atelectasis .,,,,,1,,,,-1,,,,,
"patchy bilateral pulmonary consolidation , silhouetting the mediastinum .",,1,,,,,1,,,,,,,
patchy bilateral pulmonary consolidation .,,,,,,,1,,,,,,,
"patchy bilateral pulmonary opacities , maybe due to atelectasis or consolidation .",,,,,-1,,-1,,-1,,,,,
patchy bilateral pulmonary opacities .,,,,,1,,,,,,,,,
patchy bilateral pulmonary opacities may be due to edema or infection .,,,,,1,-1,,-1,,,,,,
patchy bilateral pulmonary opacities maybe due to consolidation or ground-glass opacities .,,,,,1,,-1,,,,,,,
patchy bilateral pulmonary opacities maybe due to ground-glass opacities or edema .,,,,,1,-1,,,,,,,,
patchy bilateral pulmonary opacities maybe due to infection or edema .,,,,,1,-1,,-1,,,,,,
patchy consolidation also seen in the lower lung .,,,,,,,1,,,,,,,
patchy consolidation and ground-glass opacities in the right lung .,,,,,1,,1,,,,,,,
patchy consolidation and probable layering pleural effusion at the right lung base .,,,,,,,1,,,,-1,,,
patchy consolidation at the left base .,,,,,,,1,,,,,,,
patchy consolidation at the left lung base .,,,,,,,1,,,,,,,
patchy consolidation at the medial right lung base .,,,,,,,1,,,,,,,
patchy consolidation at the right lung apex .,,,,,,,1,,,,,,,
patchy consolidation at the right lung base .,,,,,,,1,,,,,,,
patchy consolidation at the right lung base and small right pleural effusion .,,,,,,,1,,,,1,,,
patchy consolidation in the bilateral lower lobes .,,,,,,,1,,,,,,,
"patchy consolidation in the bilateral lungs , greatest in the left lower lobe .",,,,,,,1,,,,,,,
"patchy consolidation in the bilateral lungs , greatest in the left mid and lower lung .",,,,,,,1,,,,,,,
"patchy consolidation in the bilateral lungs , left greater than right .",,,,,,,1,,,,,,,
patchy consolidation in the bilateral mid lungs .,,,,,,,1,,,,,,,
patchy consolidation in the central left lung versus pulmonary edema .,,,,,,-1,1,,,,,,,
patchy consolidation in the central right lung .,,,,,,,1,,,,,,,
patchy consolidation in the left lower lobe .,,,,,,,1,,,,,,,
patchy consolidation in the left lower lobe and small left layering pleural effusion .,,,,,,,1,,,,1,,,
patchy consolidation in the left lung .,,,,,,,1,,,,,,,
patchy consolidation in the left mid lung and at the left lung base .,,,,,,,1,,,,,,,
patchy consolidation in the mid and lower right lung .,,,,,,,1,,,,,,,
patchy consolidation in the mid left lung .,,,,,,,1,,,,,,,
patchy consolidation in the mid left lung and right infrahilar region .,,,,,,,1,,,,,,,
patchy consolidation in the right lower lobe .,,,,,,,1,,,,,,,
patchy consolidation in the right lower lung .,,,,,,,1,,,,,,,
patchy consolidation in the right lung .,,,,,,,1,,,,,,,
patchy consolidation in the right lung and at the left lung base .,,,,,,,1,,,,,,,
patchy consolidation in the right lung and left lower lobe are noted .,,,,,,,1,,,,,,,
patchy consolidation in the right lung and probable patchy consolidation the left lung base .,,,,,,,1,,,,,,,
patchy consolidation in the right mid and lower lung and in the mid left lung .,,,,,,,1,,,,,,,
patchy consolidation in the right perihilar region .,,,,,,,1,,,,,,,
patchy consolidation in the right perihilar region and lateral left upper lobe .,,,,,,,1,,,,,,,
patchy consolidation in the right suprahilar region .,,,,,,,1,,,,,,,
patchy consolidation in the right upper lobe .,,,,,,,1,,,,,,,
patchy consolidation in the right upper lobe and at the right lung base .,,,,,,,1,,,,,,,
patchy consolidation in the right upper lobe and right infrahilar lung .,,,,,,,1,,,,,,,
patchy consolidation is seen in the right lung and possibly in the left lung .,,,,,,,1,,,,,,,
patchy consolidation of the lateral left lung .,,,,,,,1,,,,,,,
patchy consolidation of the right apex and in the left mid lung .,,,,,,,1,,,,,,,
patchy consolidation of the right lung base .,,,,,,,1,,,,,,,
patchy consolidation seen in the right lung and left lower lobe with possible superimposed atelectasis .,,,,,,,1,,-1,,,,,
"patchy consolidation versus airway wall thickening at the right lung base , mild .",,,,,-1,,-1,,,,,,,
patchy consolidation versus mucus plugging in the medial right lung base .,,,,,,,-1,,,,,,,
patchy consolidation versus nodules or mucus plugging in the left lung .,,,,-1,,,-1,,,,,,,
"patchy consolidation versus peribronchial cuffing , edema .",,,,,,1,-1,,,,,,,
patchy consolidation versus pulmonary contusion in the right lower lung .,,,,,,,-1,,,,,,,
"patchy consolidation versus pulmonary edema , greatest in the right perihilar region .",,,,,,-1,-1,,,,,,,
patchy consolidation versus pulmonary edema best demonstrated in the left upper lobe .,,,,,,-1,-1,,,,,,,
"patchy consolidation versus pulmonary edema in the bilateral lungs , lower lobe predominant .",,,,,,-1,-1,,,,,,,
patchy consolidation versus pulmonary edema in the bilateral lungs .,,,,,,-1,-1,,,,,,,
patchy consolidation versus pulmonary edema in the bilateral lungs with small amount of fluid along the right minor fissure .,,,,,,-1,-1,,,,,,,
patchy consolidation versus subsegmental atelectasis in the left infrahilar region .,,,,,,,-1,,-1,,,,,
patchy consolidative airspace opacities or airway wall thickening in the mid and lower left lung .,,,,,-1,,1,,,,,,,
patchy consolidative and ground-glass opacities in the right lung .,,,,,1,,1,,,,,,,
patchy consolidative opacities are present in the bilateral lungs .,,,,,1,,1,,,,,,,
patchy ground-glass abnormality in the left mid lung .,1,,,,,,,,,,,,,
patchy ground-glass opacities and possible airway wall thickening in the right lung base .,,,,,1,,,,,,,,,
patchy ground-glass opacities are seen in the left lung base .,,,,,1,,,,,,,,,
patchy ground-glass opacities are seen in the right lung .,,,,,1,,,,,,,,,
patchy ground-glass opacities at the left lung base .,,,,,1,,,,,,,,,
patchy ground-glass opacities at the right lung base .,,,,,1,,,,,,,,,
patchy ground-glass opacities in the left lower lung .,,,,,1,,,,,,,,,
patchy ground-glass opacities in the mid right lung .,,,,,1,,,,,,,,,
patchy ground-glass opacities in the right costophrenic angle .,,,,,1,,,,,,,,,
patchy ground-glass opacities in the right lung .,,,,,1,,,,,,,,,
patchy ground-glass opacities in the right upper lobe .,,,,,1,,,,,,,,,
patchy ground-glass opacities in the right upper lobe and at the right lung base .,,,,,1,,,,,,,,,
patchy ground-glass opacities or consolidation in the right lung .,,,,,-1,,-1,,,,,,,
patchy ground-glass opacities project over the left upper lung .,,,,,1,,,,,,,,,
"patchy ground-glass opacities versus pulmonary edema , right greater than left .",,,,,-1,-1,,,,,,,,
patchy ground-glass opacities versus pulmonary edema in the right lung .,,,,,-1,-1,,,,,,,,
patchy ground-glass opacity at the left lung base .,,,,,1,,,,,,,,,
patchy ground-glass opacity in the left lung base .,,,,,1,,,,,,,,,
patchy ground-glass opacity in the mid left lung .,,,,,1,,,,,,,,,
patchy ground-glass opacity in the mid right lung is also present .,,,,,1,,,,,,,,,
patchy ground-glass opacity in the right lower lobe .,,,,,1,,,,,,,,,
patchy ground-glass opacity in the right lower lobe and right lateral mid lung .,,,,,1,,,,,,,,,
patchy ground-glass opacity in the right lung base .,,,,,1,,,,,,,,,
patchy ground-glass opacity in the right lung base versus airway wall thickening .,,,,,1,,,,,,,,,
patchy ground-glass opacity in the right upper lobe .,,,,,1,,,,,,,,,
patchy ground-glass opacity versus airway wall thickening at the left lung base .,,,,,-1,,,,,,,,,
patchy ground-glass opacity versus pulmonary edema in the right infrahilar region .,,,,,-1,-1,,,,,,,,
patchy ground-glass opacity versus subsegmental atelectasis at the right lung base .,,,,,-1,,,,-1,,,,,
patchy hazy pulmonary opacities and reticular opacities in the lung bases could represent infection or fibrosis .,,,,,1,,,-1,,,,-1,,
patchy left basilar opacities .,,,,,1,,,,,,,,,
patchy left basilar opacity .,,,,,1,,,,,,,,,
patchy left mid lung zone lower lungs on opacities .,,,,,1,,,,,,,,,
patchy lower lobe ground-glass opacities versus subsegmental atelectasis .,,,,,-1,,,,-1,,,,,
patchy lower lung zone opacities maybe due to atelectasis or consolidation .,,,,,1,,-1,,-1,,,,,
patchy opacities bilaterally consistent with pulmonary edema or airspace opacities .,,,,,1,-1,,,,,,,,
patchy opacities in the bilateral perihilar regions consistent with pulmonary edema versus consolidation .,,,,,1,-1,-1,,,,,,,
"patchy opacities in the lungs bilaterally , most notably in the left upper lobe and right lower lobe .",,,,,1,,,,,,,,,
patchy opacities in the perihilar region consistent with pulmonary edema .,,,,,1,1,,,,,,,,
patchy opacities in the right lung maybe due to pneumonia or aspiration .,,,,,-1,,,-1,,,,,,
"patchy opacities in the right mid and lower lung consistent with consolidation , atelectasis and / or pleural effusion .",,,,,1,,-1,,-1,,1,,,
patchy opacities throughout the left mid lung likely represent areas of aspiration or consolidation .,,,,,1,,-1,,,,,,,
"patchy opacity at the right lung base , probable consolidation , possible small right pleural effusion .",,,,,1,,-1,,,,-1,,,
"patchy parenchymal opacities are present within the bilateral lungs , predominantly in the right hilar and left upper lung regions .",,,,,1,,,,,,,,,
patchy parenchymal opacities in the left lung base may represent consolidation or atelectasis .,,,,,1,,-1,,-1,,,,,
patchy parenchymal opacities in the lung bases may represent areas of consolidation or atelectasis .,,,,,1,,-1,,-1,,,,,
patchy parenchymal opacities project over the periphery of the right upper lung and apical left lung .,,,,,1,,,,,,,,,
patchy parenchymal opacities throughout the mid and lower right lung .,,,,,1,,,,,,,,,
patchy parenchymal opacities within the infrahilar lung regions .,,,,,1,,,,,,,,,
patchy parenchymal opacities within the mid left lung .,,,,,1,,,,,,,,,
patchy parenchymal opacities within the right lung .,,,,,1,,,,,,,,,
patchy parenchymal opacity in the left hilar and basilar region may represent atelectasis or edema .,,,,,1,-1,,,-1,,,,,
patchy parenchymal opacity projects over the right upper lung .,,,,,1,,,,,,,,,
patchy peribronchial cuffing consistent with pulmonary edema .,,,,,,1,,,,,,,,
"patchy peribronchial cuffing in the bilateral lungs , pulmonary edema versus infection .",,,,,,-1,,-1,,,,,,
"patchy perihilar and basilar parenchymal opacities may represent atelectasis , or ground-glass opacity .",,,,,1,,,,-1,,,,,
"patchy perihilar ground-glass opacities versus peribronchial cuffing , right greater than left , pulmonary edema versus infection .",,,,,-1,-1,,-1,,,,,,
patchy perihilar opacities and peribronchial cuffing suggesting pulmonary edema .,,,,,1,1,,,,,,,,
patchy perihilar opacities bilaterally .,,,,,1,,,,,,,,,
patchy pulmonary opacities may represent atelectasis or consolidation .,,,,,1,,-1,,-1,,,,,
patchy retrocardiac parenchymal opacities likely representing atelectasis .,,,,,1,,,,1,,,,,
patchy right basilar and mid lung zone opacities .,,,,,1,,,,,,,,,
patchy right basilar opacity .,,,,,1,,,,,,,,,
patchy right infrahilar ground-glass opacity .,,,,,1,,,,,,,,,
patchy right lower lung zone opacities medialy .,,,,,1,,,,,,,,,
"patchy right lower lung zone opacity , slightly nodular appearing .",,,,,1,,,,,,,,,
patchy right lung opacities .,,,,,1,,,,,,,,,
patchy right mid lung zone opacity maybe due to infection or aspiration .,,,,,1,,,-1,,,,,,
patchy right nodular mid lung zone opacity .,,,,,1,,,,,,,,,
patchy right upper and bilateral lower lobe opacities could represent atelectasis or aspiration .,,,,,1,,,,-1,,,,,
"patient is not centered within the image , and portions of the patient's right hemithorax are beyond the field of view .",1,,,,,,,,,,,,,
"patient is on a trauma backboard , limiting evaluation .",1,,,,,,,,,,,,,
patient is slightly rotated .,1,,,,,,,,,,,,,
"patient rotation limits evaluation of the cardiomediastinal silhouette , however there appears to be enlarged cardiac silhouette , and a possible hiatal hernia .",,1,1,,,,,,,,,,,
"patient's chin overlaps the right lung apex and superior mediastinum , limiting evaluation .",,1,,,,,,,,,,,,
patient's hands overlap the upper abdomen .,1,,,,,,,,,,,,,
paucity of pulmonary vessel markings in the upper lungs suggestive of emphysema .,,,,,,,,,,,,,,
percutaneous gastric tube overlies the upper abdomen .,1,,,,,,,,,,,,,1
"peribronchial cuffing , greater in the right lung , consistent with pulmonary edema .",,,,,,1,,,,,,,,
"peribronchial cuffing , probable mild pulmonary edema .",,,,,,1,,,,,,,,
"peribronchial cuffing , probable pulmonary edema .",,,,,,-1,,,,,,,,
peribronchial cuffing and cephalization of vessels suggesting pulmonary edema .,,,,,,1,,,,,,,,
"peribronchial cuffing and patchy opacities consistent with pulmonary edema , right greater than left .",,,,,1,1,,,,,,,,
"peribronchial cuffing and patchy perihilar opacities , maybe due to edema .",,,,,1,1,,,,,,,,
peribronchial cuffing consistent pulmonary edema .,,,,,,1,,,,,,,,
peribronchial cuffing consistent with mild pulmonary edema .,,,,,,1,,,,,,,,
"peribronchial cuffing consistent with pulmonary edema , best demonstrated in the right lung .",,,,,,1,,,,,,,,
"peribronchial cuffing consistent with pulmonary edema , infection not excluded .",,,,,,1,,-1,,,,,,
peribronchial cuffing consistent with pulmonary edema .,,,,,,1,,,,,,,,
peribronchial cuffing consistent with pulmonary edema versus patchy consolidation .,,,,,,-1,-1,,,,,,,
"peribronchial cuffing consistent with pulmonary edema versus patchy ground-glass opacities , greatest in the right infrahilar region .",,,,,1,1,,,,,,,,
peribronchial cuffing in the right lung consistent with pulmonary edema .,,,,,,1,,,,,,,,
"peribronchial cuffing is lower lobe predominant , pulmonary edema versus patchy consolidation .",,,,,,-1,-1,,,,,,,
peribronchial cuffing suggesting pulmonary edema .,,,,,,1,,,,,,,,
peribronchial thickening and ground-glass opacities within the right mid and lower lung .,,,,,1,,,,,,,,,
peribronchial thickening and hazy bilateral opacities may represent ground-glass opacities or interstitial pulmonary edema .,,,,,1,-1,,,,,,,,
peribronchial thickening and hazy bilateral parenchymal opacities in the lower lungs may represent edema or atelectasis .,,,,,1,-1,,,-1,,,,,
peribronchial thickening and linear opacities may represent pulmonary edema .,,,,,1,-1,,,,,,,,
"peribronchial thickening and perihilar predominant parenchymal opacities likely represent edema , though consolidation cannot be excluded .",,,,,1,1,1,,,,,,,
peribronchial thickening at the lung bases .,,,,,1,,,,,,,,,
peribronchial thickening consistent with airway wall thickening or pulmonary edema .,,,,,1,-1,,,,,,,,
peribronchial thickening consistent with pulmonary edema .,,,,,1,1,,,,,,,,
peribronchial thickening may represent edema .,,,,,1,-1,,,,,,,,
peribronchial thickening noted in the left lung .,,,,,1,,,,,,,,,
"peribronchial thickening versus ground-glass opacities in the left perihilar region , to a lesser extent in the right infrahilar region .",,,,,1,,,,,,,,,
pericardial calcifications are questionably present .,,,,,,,,,,,,,,
perihilar and peribronchial cuffing consistent with pulmonary edema or infection .,,,,,,-1,,-1,,,,,,
perihilar bilateral hazy parenchymal opacities likely represents pulmonary edema .,,,,,1,1,,,,,,,,
perihilar ground-glass opacities may represent pulmonary edema or atelectasis .,,,,,1,-1,,,-1,,,,,
perihilar hazy bilateral parenchymal opacities .,,,,,1,,,,,,,,,
perihilar hazy parenchymal opacities favored to represent pulmonary edema .,,,,,1,1,,,,,,,,
perihilar opacities and bronchovascular cuffing consistent with pulmonary edema .,,,,,1,1,,,,,,,,
perihilar opacities may represent lymphangitic carcinomatosis .,,,,-1,1,,,,,,,,,
perihilar patchy opacities consistent with pulmonary edema .,,,,,1,1,,,,,,,,
"perihilar peribronchial cuffing , possible pulmonary edema .",,,,,,-1,,,,,,,,
"perihilar peribronchial cuffing , probable pulmonary edema .",,,,,,1,,,,,,,,
perihilar peribronchial cuffing consistent with pulmonary edema .,,,,,,1,,,,,,,,
perihilar peribronchial cuffing suggesting pulmonary edema .,,,,,,1,,,,,,,,
"perihilar peribronchial thickening , which may represent interstitial pulmonary edema or airway wall thickening .",,,,,1,-1,,,,,,,,
perihilar peribronchial thickening .,,,,,1,,,,,,,,,
perihilar peribronchial thickening and scattered bilateral streaky and ground-glass opacities .,,,,,1,,,,,,,,,
perihilar peribronchial thickening and streaky opacities .,,,,,1,,,,,,,,,
perihilar peribronchial thickening and streaky opacities in the bilateral infrahilar regions .,,,,,1,,,,,,,,,
perihilar predominant bilateral parenchymal opacities may represent edema or consolidation .,,,,,1,-1,-1,,,,,,,
perihilar predominant patchy bilateral parenchymal opacities .,,,,,1,,,,,,,,,
"perihilar prominent hazy bilateral parenchymal opacities may represent pulmonary edema , less likely ground-glass opacity .",,,,,1,-1,,,,,,,,
peripheral ground-glass opacities and airway wall thickening .,,,,,1,,,,,,,,,
peripheral predominant reticular-nodular opacities are present in the bilateral lungs .,,,,1,1,,,,,,,,,
peritoneal air is present in the upper abdomen .,1,,,,,,,,,,,,,
picc line tip is in the right atrium .,1,,,,,,,,,,,,,1
pigtail catheter projects over the mid right hemithorax .,1,,,,,,,,,,,,,1
pigtail catheter projects over the right upper abdomen .,1,,,,,,,,,,,,,1
plate and screw fixation of the distal left humerus .,1,,,,,,,,,,,,,1
plate and screw fixation of the right clavicle .,1,,,,,,,,,,,,,1
pleural / parenchymal scarring within the right apical hemithorax .,,,,,1,,,,,,,,,
pleural base lesion is present in the upper and peripheral left lung .,1,,,,,,,,,,,,,
pleural drainage catheter is present in the basal left pleural space .,1,,,,,,,,,,,,,1
pleural effusion versus pleural thickening with lobular borders .,,,,,,,,,,,-1,-1,,
"pleural effusions , left larger than right , are likely present .",,,,,,,,,,,1,,,
pleural effusions are likely present .,,,,,,,,,,,1,,,
"pleural effusions are present , right larger than left .",,,,,,,,,,,1,,,
pleural effusions are present .,,,,,,,,,,,1,,,
pleural fluid and / or pleural thickening is likely present in the basal left hemithorax .,,,,,,,,,,,1,1,,
pleural fluid and / or pleural thickening is present in the apical right hemithorax .,,,,,,,,,,,-1,-1,,
"pleural fluid and / or pleural thickening is present in the lateral-basal , lateral , and superior right hemithorax .",,,,,,,,,,,-1,-1,,
pleural fluid and / or thickening is present in the basal left hemithorax .,,,,,,,,,,,1,,,
pleural fluid extends to the right apex .,,,,,,,,,,,1,,,
pleural fluid is present in the apical right hemithorax .,,,,,,,,,,,1,,,
pleural fluid or thickening is present in the apical left hemithorax .,,,,,,,,,,,-1,,,
pleural pigtail catheter seen in the left lung base .,1,,,,,,,,,,,,,1
"pleural plaques are present , consistent with a sequel of remote asbestos exposure .",,,,,,,,,,,,,,
pleural plaques are present in the right hemithorax .,,,,,,,,,,,,,,
pleural space drainage catheters are present .,1,,,,,,,,,,,,,1
pleural space drainage tubes are present .,1,,,,,,,,,,,,,1
pleural thickening in the right lung apex .,,,,,,,,,,,,1,,
pleural thickening is present in the apical and apical-lateral right hemithorax .,,,,,,,,,,,,1,,
pleural thickening is present in the apical left hemithorax .,,,,,,,,,,,,1,,
pleural thickening is present in the apical-lateral right hemithorax .,,,,,,,,,,,,1,,
pleural thickening is present in the basal right hemithorax .,,,,,,,,,,,,1,,
pleural thickening is present in the lateral-basal left hemithorax .,,,,,,,,,,,,1,,
pleural thickening is questionably present in the apical left hemithorax .,,,,,,,,,,,,1,,
pleural thickening is questionably present in the apical right hemithorax .,,,,,,,,,,,,1,,
pneumomediastinum and right chest wall subcutaneous emphysema noted .,,,,,,,,,,,,,,
pneumomediastinum is likely present .,,,,,,,,,,,,,,
pneumoperitoneum .,,,,,,,,,,,,,,
pneumoperitoneum is present .,,,,,,,,,,,,,,
portions of several upper right ribs have been resected .,1,,,,,,,,,,,,,
portions of the lateral right hemithorax are beyond the field of view .,1,,,,,,,,,,,,,
portions of the right lung apex are not visualized .,1,,,,,,,,,,,,,
possible acute fracture of a left upper rib .,,,,,,,,,,,,,-1,
possible acute fracture of the left ribs .,,,,,,,,,,,,,-1,
possible air fluid level overlapping the inferior mediastinum which could be within the pleural space or mediastinal space .,,1,,,,,,,,,,,,
possible aortic valve prosthesis .,1,,,,,,,,,,,,,1
possible associated effusion .,,,,,,,,,,,-1,,,
possible bilateral patchy ground-glass opacities .,,,,,-1,,,,,,,,,
possible cardiomegaly .,,,-1,,,,,,,,,,,
possible diffuse ground-glass opacities which may represent pulmonary edema .,,,,,1,-1,,,,,,,,
"possible endobronchial valve projecting over the left suprahilar region , versus multiple overlying surgical clips .",1,,,,,,,,,,,,,-1
"possible enlarged aortic arch contour , though evaluation limited by technique .",,1,,,,,,,,,,,,
possible enlarged cardiac silhouette .,,,-1,,,,,,,,,,,
"possible enlarged right hilar contour , though evaluation is limited by patient rotation and technique .",,1,,,,,,,,,,,,
possible enlarged right hilar contour versus rotated normal vascular structures .,1,0,,,,,,,,,,,,
possible findings of volume loss in the left hemithorax .,,,,,,,,,,,,,,
possible focus of subpulmonic pleural calcification in the basal right hemithorax .,,,,,,,,,,,,,,
possible fracture of the left mid clavicle .,,,,,,,,,,,,,-1,
possible fracture of the posterior lateral right sixth rib .,,,,,,,,,,,,,-1,
possible ground-glass opacity in the left lower lung .,,,,,-1,,,,,,,,,
possible ground-glass opacity in the right lung base versus subsegmental atelectasis .,,,,,-1,,,,-1,,,,,
possible hazy perihilar opacities .,,,,,-1,,,,,,,,,
possible hiatal hernia .,,,,,,,,,,,,,,
possible kerley b lines on the right .,1,,,,,,,,,,,,,-1
possible layering bilateral pleural effusions .,,,,,,,,,,,-1,,,
possible layering left effusion .,,,,,,,,,,,-1,,,
possible layering pleural air at the apical right hemithorax .,1,,,,,,,,,,,,,
possible layering right pleural effusion .,,,,,,,,,,,1,,,
possible lead displacement .,1,,,,,,,,,,,,,
possible left apical and lateral pneumothorax .,,,,,,,,,,-1,,,,
possible left basilar atelectasis .,,,,,,,,,-1,,,,,
possible left basilar consolidation .,,,,,,,-1,,,,,,,
possible left basilar opacity versus overlying soft tissue .,,,,,-1,,,,,,,,,
possible left effusion .,,,,,,,,,,,-1,,,
"possible left hilar enlargement , versus normal vascular structures .",1,,,,,,,,,,,,,
possible left lower lung zone pulmonary nodule .,,,,-1,,,,,,,,,,
possible left perihilar airway wall thickening .,,,,,-1,,,,,,,,,
possible left pleural effusion .,,,,,,,,,,,-1,,,
possible mediastinal versus subcutaneous overlying drains .,1,,,,,,,,,,,,,
possible mild airway wall thickening in the left lower lobe .,,,,,-1,,,,,,,,,
possible mild basal atelectasis .,,,,,,,,,-1,,,,,
possible mild basilar atelectasis versus edema .,,,,,,-1,,,-1,,,,,
possible mild basilar scarring .,,,,,-1,,,,,,,,,
possible mild bibasilar atelectasis .,,,,,,,,,-1,,,,,
"possible mild cylindrical bronchiectasis , to lesser extent involving the left lung base .",1,,,,,,,,,,,,,
possible mild edema .,,,,,,-1,,,,,,,,
possible mild edema in the left lung .,,,,,,-1,,,,,,,,
possible mild ground-glass opacity in the right lung base .,,,,,-1,,,,,,,,,
possible mild left basilar atelectasis .,,,,,,,,,-1,,,,,
possible mild left perihilar patchy consolidation .,,,,,,,-1,,,,,,,
possible mild lower lobe ground-glass opacities .,,,,,1,,,,,,,,,
possible mild patchy ground-glass abnormality in the left lower lung .,1,,,,,,,,,,,,,
possible mild patchy ground-glass opacities in the right lower lung .,,,,,-1,,,,,,,,,
possible mild perihilar edema .,,,,,,-1,,,,,,,,
possible mild pulmonary edema .,,,,,,-1,,,,,,,,
possible mild right basilar atelectasis .,,,,,,,,,-1,,,,,
possible mild right basilar consolidation .,,,,,,,-1,,,,,,,
possible mildly enlarged cardiac silhouette .,,,1,,,,,,,,,,,
possible mildly enlarged right superior mediastinal contour .,,1,,,,,,,,,,,,
possible nipple shadow or nodular right lower lung zone .,1,,,,,,,,,,,,,
possible nipple shadow versus nodule in the left lower lung zone .,,,,-1,,,,,,,,,,
possible nodular left retrocardiac opacity .,,,,,-1,,,,,,,,,
possible nodule in the left upper lung .,,,,-1,,,,,,,,,,
possible nodule in the mid left lung .,,,,-1,,,,,,,,,,
possible nodule versus consolidation in the left mid lung .,,,,-1,,,-1,,,,,,,
possible non-displaced fracture of a few left mid ribs .,,,,,,,,,,,,,-1,
possible opacity in the right lung apex though evaluation is limited by overlying osseous structures .,,,,,-1,,,,,,,,,
possible patchy airspace opacities at the left lung base .,,,,,-1,,,,,,,,,
possible patchy consolidation at the right lung base .,,,,,,,-1,,,,,,,
possible patchy ground-glass opacity at the left lung base .,,,,,1,,,,,,,,,
possible patchy ground-glass opacity in the left lung base .,,,,,-1,,,,,,,,,
possible patchy left basilar consolidation .,,,,,,,-1,,,,,,,
possible patchy right infrahilar consolidation .,,,,,,,-1,,,,,,,
possible perihilar ground-glass opacities .,,,,,-1,,,,,,,,,
possible peripheral ground-glass opacities in the right lung and left lung base .,,,,,-1,,,,,,,,,
possible pleural thickening within the mid right hemithorax .,,,,,,,,,,,,-1,,
possible pneumomediastinum .,,,,,,,,,,,,,,
possible right apical consolidation versus subsegmental atelectasis .,,,,,,,-1,,-1,,,,,
possible right apical pleural effusion .,,,,,,,,,,,-1,,,
possible right basilar atelectasis .,,,,,,,,,-1,,,,,
possible right basilar ground-glass opacity versus subsegmental atelectasis .,,,,,-1,,,,-1,,,,,
possible right effusion .,,,,,,,,,,,-1,,,
possible right effusion or extrapleural fluid collection .,,,,,,,,,,,1,,,
possible right hilar adenopathy .,1,,,,,,,,,,,,,
possible right infrahilar ground-glass opacities .,,,,,-1,,,,,,,,,
possible right lower lobe atelectasis .,,,,,,,,,1,,,,,
possible right patchy opacities .,,,,,-1,,,,,,,,,
possible right pleural effusion .,,,,,,,,,,,-1,,,
possible right pulmonary mass .,,,,-1,,,,,,,,,,
possible rounded sclerotic lesion projecting over the right humeral head .,1,,,,,,,,,,,,,
possible scarring or atelectasis in the right lung .,,,,,-1,,,,-1,,,,,
possible sclerotic lesion in the right fifth anterior rib .,1,,,,,,,,,,,,,
possible situs inversus or flipped image .,1,,,,,,,,,,,,,
possible small area of atelectasis or consolidation the left lower lobe .,,,,,,,-1,,-1,,,,,
possible small area of consolidation in the left lower lobe .,,,,,,,1,,,,,,,
possible small area of consolidation in the right lower lobe .,,,,,,,1,,,,,,,
possible small bilateral effusions .,,,,,,,,,,,-1,,,
possible small bilateral pleural effusions .,,,,,,,,,,,-1,,,
possible small foci of pleural air at the lateral left costophrenic angle .,1,,,,,,,,,,,,,
possible small focus of right infrahilar consolidation versus pulmonary nodule .,,,,-1,,,-1,,,,,,,
possible small hiatal hernia .,,,,,,,,,,,,,,
possible small layering bilateral pleural effusions .,,,,,,,,,,,-1,,,
possible small layering pleural effusions .,,,,,,,,,,,-1,,,
possible small layering right pleural effusion .,,,,,,,,,,,1,,,
possible small left apical pneumothorax .,,,,,,,,,,-1,,,,
possible small left basal pleural effusion .,,,,,,,,,,,-1,,,
possible small left effusion .,,,,,,,,,,,-1,,,
possible small left hydropneumothorax .,,,,,,,,,,-1,,,,
possible small left pleural effusion .,,,,,,,,,,,-1,,,
possible small left pleural effusion and mild pulmonary edema .,,,,,,-1,,,,,-1,,,
possible small left pleural effusion with adjacent atelectasis .,,,,,,,,,1,,-1,,,
possible small left pneumothorax .,,,,,,,,,,-1,,,,
possible small pleural effusions with adjacent atelectasis .,,,,,,,,,1,,-1,,,
possible small pulmonary nodule at the right lung base .,,,,-1,,,,,,,,,,
possible small right apical pneumothorax .,,,,,,,,,,-1,,,,
possible small right basal lateral pneumothorax .,,,,,,,,,,-1,,,,
possible small right effusion .,,,,,,,,,,,-1,,,
possible small right pleural effusion .,,,,,,,,,,,-1,,,
possible small right pleural effusion with adjacent atelectasis .,,,,,,,,,1,,-1,,,
possible small right pneumothorax versus pneumatocele .,,,,,,,,,,-1,,,,
possible small volume pneumomediastinum .,,,,,,,,,,,,,,
possible small-moderate right apical pleural fluid .,,,,,,,,,,,1,,,
possible subaortic nodal calcification .,,,,,,,,,,,,,,
possible superimposed bibasilar consolidation .,,,,,,,-1,,,,,,,
possible superimposed consolidation at the lung bases .,,,,,,,1,,,,,,,
possible superimposed right lung zone consolidation .,,,,,,,-1,,,,,,,
possible tiny nodule at the left apex .,,,,-1,,,,,,,,,,
possible tiny right apical pneumothorax .,,,,,,,,,,-1,,,,
possible trace amount of right pleural air along the right heart border .,1,,,,,,,,,,,,,
possible trace bilateral pleural effusions .,,,,,,,,,,,-1,,,
possible trace left effusion .,,,,,,,,,,,-1,,,
possible trace left pleural effusion .,,,,,,,,,,,-1,,,
possible trace left pneumothorax .,,,,,,,,,,-1,,,,
possible trace pleural effusions .,,,,,,,,,,,-1,,,
possible trace right apical pneumothorax .,,,,,,,,,,-1,,,,
possible trace right effusion .,,,,,,,,,,,-1,,,
possible trace right pleural effusion .,,,,,,,,,,,-1,,,
possible underlying interstitial lung disease .,,,,,1,,,,,,,,,
post-operative changes are seen status post cabg .,1,,,,,,,,,,,,,
post-surgical changes are seen in the left chest .,1,,,,,,,,,,,,,
post-surgical changes are seen in the right lung .,1,,,,,,,,,,,,,
post-surgical changes are seen in the thoracolumbar spine .,1,,,,,,,,,,,,,
post-surgical changes in the left posterior sixth rib .,1,,,,,,,,,,,,,
post-surgical changes in the right posterior fifth rib .,1,,,,,,,,,,,,,
post-surgical changes of a cabg .,1,,,,,,,,,,,,,
post-surgical changes of a prior cabg .,1,,,,,,,,,,,,,
post-surgical defect of the posterior right sixth rib .,1,,,,,,,,,,,,,
post-surgical fixation of parts of the cervical spine .,1,,,,,,,,,,,,,
postoperative changes status post valve replacement .,1,,,,,,,,,,,,,1
present venous catheter tip is at the cavoatrial junction .,1,,,,,,,,,,,,,1
presumed wires external to the patient project over the right hemithorax .,1,,,,,,,,,,,,,
probable adjacent atelectasis .,,,,,,,,,-1,,,,,
probable adjacent atelectasis versus infection .,,,,,,,,-1,-1,,,,,
probable adjacent subsegmental atelectasis in the right lung base .,,,,,,,,,-1,,,,,
"probable basilar atelectasis , superimposed ground-glass opacities not excluded .",,,,,-1,,,,-1,,,,,
probable basilar atelectasis .,,,,,,,,,-1,,,,,
probable basilar atelectasis versus consolidation .,,,,,,,-1,,-1,,,,,
probable basilar right pleural catheter .,1,,,,,,,,,,,,,-1
probable bibasilar atelectasis .,,,,,,,,,-1,,,,,
probable bibasilar atelectasis noted .,,,,,,,,,-1,,,,,
probable bibasilar atelectasis on the left .,,,,,,,,,-1,,,,,
probable bibasilar atelectasis or ground-glass opacities .,,,,,-1,,,,-1,,,,,
probable bibasilar pleural effusions and pulmonary edema .,,,,,,-1,,,,,-1,,,
"probable bibasilar subsegmental atelectasis , consolidation not excluded .",,,,,,,-1,,-1,,,,,
"probable bibasilar subsegmental atelectasis , less likely pulmonary edema .",,,,,,1,,,-1,,,,,
probable bibasilar subsegmental atelectasis .,,,,,,,,,-1,,,,,
probable bilateral effusions .,,,,,,,,,,,-1,,,
probable bilateral pleural effusion with adjacent atelectasis .,,,,,,,,,1,,-1,,,
probable bilateral pleural effusions .,,,,,,,,,,,-1,,,
probable bilateral pleural effusions and mild pulmonary edema .,,,,,,-1,,,,,-1,,,
probable bilateral pleural effusions with adjacent atelectasis .,,,,,,,,,1,,-1,,,
probable calcified left hilar lymph node .,,,,,,,,,,,,,,
probable calcified lymph nodes left mediastinum .,,1,,,,,,,,,,,,
probable calcified right pleural plaque .,,,,,,,,,,,,,,
probable cardiac devices projects over the upper cardiac contour .,,1,1,,,,,,,,,,,-1
"probable cardiac fat pad , heart size upper limits of normal .",,,1,,,,,,,,,,,
"probable cardiac fat pad , heart size within normal limits .",1,,0,,,,,,,,,,,
probable cardiomediastinal device is not well visualized .,1,,,,,,,,,,,,,-1
probable cardiomegaly .,,,1,,,,,,,,,,,
probable chronic right rib fracture .,,,,,,,,,,,,,1,
probable consolidation in the left lower lobe .,,,,,,,-1,,,,,,,
probable costochondral calcification at the left apex .,,,,,,,,,,,,,,
probable costochondral calcifications at right lung base without focal opacity .,,,,,0,,,,,,,,,
probable effusion .,,,,,,,,,,,-1,,,
probable elevated right hemidiaphragm .,1,,,,,,,,,,,,,
probable elevated right hemidiaphragm obscuring cardiac silhouette .,1,,0,,,,,,,,,,,
probable elevation of right hemidiaphragm .,,,,,,,,,,,,,,
probable emphysema .,,,,,,,,,,,,,,
probable enlarged cardiac silhouette .,,,-1,,,,,,,,,,,
probable enlarged cardiac silhouette with left basilar atelectasis versus consolidation .,,,-1,,,,-1,,-1,,,,,
probable enlarged right hilum .,1,,,,,,,,,,,,,
probable esophageal stent extending to the mid to distal esophagus .,1,,,,,,,,,,,,,
probable eventration of the right hemidiaphragm .,,,,,,,,,,,,,,
probable external lead overlying the right hemithorax .,1,,,,,,,,,,,,,
probable fluid in the left fissure .,,,,,,,,,,,,,,
probable healed rib fractures are seen bilaterally .,,,,,,,,,,,,,-1,
probable hiatal hernia .,,,,,,,,,,,,,,
probable hyperexpansion of the left lung .,,,,,,,,,,,,,,
probable large right pleural effusion with superimposed atelectasis versus consolidation obscuring cardiac silhouette .,,,0,,,,-1,,-1,,-1,,,
probable left basilar atelectasis .,,,,,,,,,-1,,,,,
probable left basilar atelectasis or consolidation .,,,,,,,-1,,-1,,,,,
probable left basilar multisegmental atelectasis .,,,,,,,,,-1,,,,,
probable left basilar scarring .,,,,,-1,,,,,,,,,
probable left basilar subsegmental atelectasis .,,,,,,,,,-1,,,,,
probable left pleural effusion .,,,,,,,,,,,-1,,,
probable left pleural effusion with adjacent atelectasis .,,,,,,,,,1,,-1,,,
probable left pleural effusion with adjacent atelectasis versus consolidation .,,,,,,,-1,,-1,,-1,,,
probable left retrocardiac subsegmental atelectasis .,,,,,,,,,-1,,,,,
"probable left skin folds , without pneumothorax .",1,,,,,,,,,0,,,,
probable left skin folds without pneumothorax .,1,,,,,,,,,0,,,,
probable main pulmonary artery enlargement .,1,,,,,,,,,,,,,
probable mediastinal drain .,1,,,,,,,,,,,,,1
probable mild apical scarring .,,,,,-1,,,,,,,,,
probable mild basilar atelectasis .,,,,,,,,,-1,,,,,
probable mild cardiomegaly .,,,1,,,,,,,,,,,
probable mild diffuse airway wall thickening .,,,,,-1,,,,,,,,,
probable mild interstitial pulmonary edema .,,,,,,-1,,,,,,,,
"probable mild peribronchial cuffing and hazy perihilar opacities , maybe due to edema .",,,,,-1,1,,,,,,,,
probable mild pulmonary edema .,,,,,,-1,,,,,,,,
probable mild subsegmental atelectasis in the retrocardiac left lung base .,,,,,,,,,-1,,,,,
probable mildly prominent ascending thoracic aorta contour .,,1,,,,,,,,,,,,
probable mitral annular calcification .,,,,,,,,,,,,,,
probable mitral valve clips .,1,,,,,,,,,,,,,-1
probable moderate to large right pleural effusion with superimposed atelectasis .,,,,,,,,,1,,-1,,,
probable moderately elevated left hemidiaphragm with gastric air underneath the left hemidiaphragm .,1,,,,,,,,,,,,,
"probable multisegmental left basilar atelectasis , consolidation not excluded .",,,,,,,-1,,-1,,,,,
probable nipple shadow projects over the right lung base .,1,,,,,,,,,,,,,
probable oxygen tubing overlying the chest .,1,,,,,,,,,,,,,
probable partially calcified left pleural plaques .,,,,,,,,,,,,,,
"probable patchy ground-glass opacities in the mid left lung , not well evaluated due to overlying defibrillator pad .",,,,,-1,,,,,,,,,1
probable pneumomediastinum .,,,,,,,,,,,,,,
probable pneumoperitoneum .,,,,,,,,,,,,,,
probable posttraumatic deformity of the right humerus .,,,,,,,,,,,,,,
probable prominent cardiac fat pad at the medial right lung base .,,,,,,,,,,,,,,
probable pulmonary edema .,,,,,,-1,,,,,,,,
probable pulmonary edema versus pneumonia .,,,,,,-1,,-1,,,,,,
probable remote rib fractures .,,,,,,,,,,,,,1,
probable retained oral contrast within diverticula in bowel in the upper abdomen .,1,,,,,,,,,,,,,
"probable retrocardiac multisegmental atelectasis , consolidation not excluded .",,,,,,,-1,,-1,,,,,
probable retrocardiac multisegmental atelectasis .,,,,,,,,,-1,,,,,
probable retrocardiac subsegmental atelectasis .,,,,,,,,,-1,,,,,
probable right basal atelectasis .,,,,,,,,,-1,,,,,
probable right basal opacity .,,,,,-1,,,,,,,,,
probable right basilar atelectasis .,,,,,,,,,-1,,,,,
probable right basilar subsegmental atelectasis .,,,,,,,,,-1,,,,,
probable right cardiac fat pad .,1,,,,,,,,,,,,,
probable right first rib costochondral calcification .,,,,,,,,,,,,,,
probable right hilar atelectasis versus prominent vessel .,,,,,,,,,-1,,,,,
probable right lateral rib fractures but not well delineated .,,,,,,,,,,,,,1,
probable right pleural effusion .,,,,,,,,,,,-1,,,
probable right pleural effusion with adjacent atelectasis or consolidation .,,,,,,,-1,,-1,,-1,,,
probable right pleural effusion with adjacent atelectasis versus consolidation .,,,,,,,-1,,-1,,-1,,,
probable right pleural effusion with fluid in the fissure and atelectasis of the right upper lower lobe .,,,,,,,,,1,,-1,,,
"probable right pleural effusion with superimposed atelectasis , ground-glass opacities , and consolidation .",,,,,1,,1,,1,,-1,,,
probable right pleural effusion with superimposed atelectasis versus consolidation .,,,,,,,-1,,-1,,-1,,,
probable right pleural effusion with superimposed atelectasis versus ground-glass opacities .,,,,,1,,,,-1,,-1,,,
probable right pleural thickening and calcification .,,,,,,,,,,,,-1,,
"probable skin fold in the right upper hemithorax , vascular markings are present peripherally .",1,,,,,,,,,,,,,
probable skin fold projecting over the left base .,1,,,,,,,,,,,,,
probable small bilateral layering pleural effusions .,,,,,,,,,,,-1,,,
probable small bilateral pleural effusions .,,,,,,,,,,,-1,,,
probable small bilateral pleural effusions with adjacent atelectasis .,,,,,,,,,1,,-1,,,
probable small effusions .,,,,,,,,,,,-1,,,
probable small effusions with adjacent atelectasis .,,,,,,,,,1,,-1,,,
probable small hiatal hernia .,,,,,,,,,,,,,,
probable small layering bilateral pleural effusions .,,,,,,,,,,,-1,,,
probable small layering left pleural effusion .,,,,,,,,,,,1,,,
probable small layering pleural effusions .,,,,,,,,,,,-1,,,
probable small layering right pleural effusion and right basilar ground-glass opacities .,,,,,-1,,,,,,-1,,,
probable small left effusion .,,,,,,,,,,,-1,,,
probable small left effusion with likely a small left atelectasis .,,,,,,,,,1,,-1,,,
probable small left layering pleural effusion .,,,,,,,,,,,-1,,,
probable small left pleural effusion .,,,,,,,,,,,-1,,,
probable small left pleural effusion bibasilar atelectasis .,,,,,,,,,1,,-1,,,
probable small left pleural effusion with adjacent atelectasis .,,,,,,,,,1,,-1,,,
probable small right and trace left effusion .,,,,,,,,,,,-1,,,
probable small right effusion .,,,,,,,,,,,-1,,,
probable small right layering pleural effusion .,,,,,,,,,,,-1,,,
probable small right pleural effusion .,,,,,,,,,,,-1,,,
probable small right pleural effusion with adjacent atelectasis .,,,,,,,,,1,,-1,,,
probable soft tissue overlying the left costophrenic angle .,1,,,,,,,,,,,,,
probable soft tissue overlying the lung bases .,1,,,,,,,,,,,,,
probable soft tissues overlying the left costophrenic angle .,1,,,,,,,,,,,,,
probable subsegmental atelectasis in the medial right lung base .,,,,,,,,,-1,,,,,
probable subsegmental atelectasis in the right lung base .,,,,,,,,,-1,,,,,
probable subtle opacity from overlying soft tissue .,,,,,-1,,,,,,,,,
probable suture material projecting over the right apex .,1,,,,,,,,,,,,,
probable trace bilateral pleural effusions .,,,,,,,,,,,-1,,,
probable trace left pleural effusion .,,,,,,,,,,,-1,,,
probable trace right pleural effusion .,,,,,,,,,,,-1,,,
probable trace right pneumothorax .,,,,,,,,,,-1,,,,
probable vertebroplasty material in the lower thoracic spine .,1,,,,,,,,,,,,,
prominence of the aortic knob .,,,,,,,,,,,,,,
"prominence of the left hilum , mediastinal contours otherwise normal .",1,0,,,,,,,,,,,,
prominent contour of the ascending and descending thoracic aorta likely represents tortuosity .,,1,,,,,,,,,,,,
prominent contour of the cardiac silhouette likely represents prominent inferior mediastinal fat .,,1,1,,,,,,,,,,,
prominent gastric bubble and elevation left hemidiaphragm .,,,,,,,,,,,,,,
prominent left hilar vasculature versus nodule .,,,,-1,,,,,,,,,,
prominent mediastinal contours mid mediastinum .,,1,,,,,,,,,,,,
prominent multilevel bridging anterolateral osteophytes of the thoracic spine .,,,,,,,,,,,,,,
prominent right superior mediastinal border likely represents enlarged svc .,,,,,,,,,,,,,,
prosthetic aortic valve .,1,,,,,,,,,,,,,1
prosthetic aortic valves .,1,,,,,,,,,,,,,1
prosthetic cardiac valve and intact sternotomy wires .,1,,,,,,,,,,,,,1
prosthetic mitral valve .,1,,,,,,,,,,,,,1
prosthetic mitral valve is present .,1,,,,,,,,,,,,,1
pulmonary artery catheter is properly positioned .,1,,,,,,,,,,,,,1
pulmonary artery catheter tip is close to the pulmonic valve .,1,,,,,,,,,,,,,1
pulmonary edema .,,,,,,1,,,,,,,,
pulmonary edema is present .,,,,,,1,,,,,,,,
pulmonary edema versus patchy airspace opacities .,,,,,-1,-1,,,,,,,,
pulmonary edema versus patchy consolidation predominantly in the left lung .,,,,,,-1,-1,,,,,,,
pulmonary edema versus pneumonia .,,,,,,-1,,-1,,,,,,
pulmonary hila probably within normal limits .,1,,,,,,,,,,,,,
pulmonary hyperinflation is present .,,,,,,,,,,,,,,
pulmonary nodule versus nipple shadow projecting over the right lung base .,,,,-1,,,,,,,,,,
pulmonary nodules project over the bilateral lower lobes .,,,,1,,,,,,,,,,
pulmonary vasculature is increased .,1,,,,,,,,,,,,,
pulmonary vessels are attenuated in the left upper lobe consistent with emphysema .,,,,,,,,,,,,,,
pulmonary vessels are normal .,1,,,,,,,,,,,,,
pulmonary vessels are normal in caliber .,1,,,,,,,,,,,,,
pulmonary vessels in the left lung are normal in caliber .,1,,,,,,,,,,,,,
"question bridging rib abnormality , chronic , in the right upper chest .",1,,,,,,,,,,,,,
question external pacing wires .,1,,,,,,,,,,,,,
question kyphosis given rib spacing .,,,,,,,,,,,,,,
question left hilar lymphadenopathy versus overlapping vascular structures .,1,,,,,,,,,,,,,
question left superior mediastinal widening .,1,,,,,,,,,,,,,
question mediastinal drain .,1,,,,,,,,,,,,,1
question mild lower lobe predominant reticular abnormality .,,,,,,,,,,,,,,
question overlying hair artifact versus right apical consolidative opacity .,,,,,-1,,1,,,,,,,
"question peripheral predominant ground-glass opacities , concerning for background interstitial lung disease .",,,,,1,,,,,,,,,
question pleural drain overlying the right hemithorax .,1,,,,,,,,,,,,,-1
"question right hilar enlargement , pulmonary artery enlargement .",1,,,,,,,,,,,,,
"question right nodule , nipple shadow or overlying ribs .",,,,-1,,,,,,,,,,
question vascular stent projecting over the aortic knob .,1,,,,,,,,,,,,,
question vertebroplasty material in the mid thoracic spine .,1,,,,,,,,,,,,,
questionable cavitation is present in that region .,1,,,,,,,,,,,,,
questionable contour abnormality is present in the right paratracheal mediastinum .,,1,,,,,,,,,,,,
questionable enlargement of the left hilum is present .,1,,,,,,,,,,,,,
questionable opacity / mass is present in the right upper lobe .,,,,-1,1,,,,,,,,,
questionable right parahilar mediastinal contour abnormality is present .,,1,,,,,,,,,,,,
"questionable segmental opacity , consistent with atelectatic or consolidated lung , is present in retrocardiac left lower lobe .",,,,,-1,,-1,,-1,,,,,
questionable thickening of the horizontal fissure .,,,,,,,,,,,,,,
questionable widening of the left para-aortic mediastinum is present .,,1,,,,,,,,,,,,
questionably present are consolidative opacities in the right upper lobe and lower lungs .,,,,,1,,1,,,,,,,
questionably present is a cystic space in the right infrahilar lung .,1,,,,,,,,,,,,,
questionably present is a fracture involving the posterior arch of the left third rib .,,,,,,,,,,,,,1,
questionably present is a small nodule in the lower and peripheral left lung .,,,,1,,,,,,,,,,
questionably present is drainage tube in the left upper quadrant of the abdomen .,1,,,,,,,,,,,,,1
questionably present is enlargement of the right vascular hilum .,1,,,,,,,,,,,,,
questionably present is left basal pleural fluid .,,,,,,,,,,,1,,,
questionably present is rightward deviation of the trachea at the level of the thoracic inlet .,1,,,,,,,,,,,,,
questionably present is rightward tracheal deviation pattern above the level of thoracic inlet .,1,,,,,,,,,,,,,
radiodensities projecting over the mid abdomen likely represent oral contrast .,1,,,,,,,,,,,,,
radiodensities projecting over the mid thoracic spine may represent kyphoplasty material .,1,,,,,,,,,,,,,
"radiograph is underpenetrated , limiting evaluation .",1,,,,,,,,,,,,,
radiopaque earrings are present .,,,,,,,,,,,,,,
recommend repositioning .,1,,,,,,,,,,,,,
recorder projects over the heart .,1,,,,,,,,,,,,,
relative elevation of right hemidiaphragm is present .,,,,,,,,,,,,,,
remote appearing left rib fractures .,,,,,,,,,,,,,1,
remote fractures of the left ribs .,,,,,,,,,,,,,1,
remote left clavicular fracture .,,,,,,,,,,,,,1,
remote left inferior rib fracture .,,,,,,,,,,,,,1,
remote left rib cage fracture fragments are present .,,,,,,,,,,,,,1,
remote left rib fracture .,,,,,,,,,,,,,1,
remote left rib fractures .,,,,,,,,,,,,,1,
remote post-traumatic deformity of a few superior left ribs .,,,,,,,,,,,,,,
remote posttraumatic deformity of the proximal left humerus .,,,,,,,,,,,,,,
remote posttraumatic deformity of the proximal right humerus .,,,,,,,,,,,,,,
remote right rib fractures .,,,,,,,,,,,,,1,
reticular opacities are possibly present in both lungs .,,,,,1,,,,,,,,,
reticular opacities are present in the lower lung zones .,,,,,1,,,,,,,,,
reticular opacities are present in the lung bases consistent with an interstitial fibrosing lung disorder .,,,,,1,,,,,,,,,
"reticular opacities are present in the right upper lobe , consistent with parenchymal scarring .",,,,,1,,,,,,,,,
"reticular opacities are present in the right upper lobe , likely interstitial lung edema .",,,,,1,1,,,,,,,,
"reticular opacities are present throughout the lungs , with sparing of the left lung apex .",,,,,1,,,,,,,,,
"reticular opacities are present throughout the right lung and in the lower two-thirds of the left lung , consistent with a fibrosing interstitial lung disorder .",,,,,1,,,,,,,,,
reticular opacities are questionably present in the lower lungs .,,,,,1,,,,,,,,,
"reticular opacities are seen , compatible with pulmonary edema .",,,,,1,1,,,,,,,,
reticular opacities in the lung bases may represent pulmonary fibrosis or sequela of chronic aspiration .,,,,,1,,,,,,,-1,,
reticular opacities may represent mild pulmonary edema .,,,,,1,-1,,,,,,,,
reticular-nodular opacities are present in the lungs .,,,,1,1,,,,,,,,,
retrocardiac consolidation versus atelectasis .,,,,,,,-1,,-1,,,,,
retrocardiac consolidation versus multisegmental atelectasis .,,,,,,,-1,,-1,,,,,
retrocardiac consolidation versus subsegmental atelectasis .,,,,,,,-1,,-1,,,,,
retrocardiac left basilar opacity also likely represents consolidation .,,,,,1,,1,,,,,,,
retrocardiac left basilar parenchymal opacity .,,,,,1,,,,,,,,,
retrocardiac left basilar parenchymal opacity and hazy opacities throughout the remainder of the left lung .,,,,,1,,,,,,,,,
retrocardiac left basilar parenchymal opacity favored to represent atelectasis .,,,,,1,,,,1,,,,,
retrocardiac left basilar parenchymal opacity likely represents atelectasis .,,,,,1,,,,1,,,,,
retrocardiac left basilar parenchymal opacity may represent atelectasis or consolidation .,,,,,1,,-1,,-1,,,,,
retrocardiac multisegmental atelectasis versus consolidation .,,,,,,,-1,,-1,,,,,
"retrocardiac opacity , probable multisegmental atelectasis .",,,,,1,,,,-1,,,,,
retrocardiac opacity consistent with consolidation or multisegmental atelectasis .,,,,,1,,-1,,-1,,,,,
retrocardiac opacity consistent with consolidation versus multisegmental atelectasis .,,,,,1,,-1,,-1,,,,,
retrocardiac opacity consistent with multisegmental atelectasis or consolidation .,,,,,1,,-1,,-1,,,,,
retrocardiac opacity likely represents multisegmental atelectasis .,,,,,1,,,,1,,,,,
retrocardiac opacity may be secondary to superimposed gastric contents or basilar atelectasis or consolidation .,,,,,1,,-1,,-1,,,,,
"retrocardiac opacity may represent aspiration , atelectasis or consolidation .",,,,,1,,-1,,-1,,,,,
retrocardiac opacity may represent consolidation or atelectasis .,,,,,1,,-1,,-1,,,,,
"retrocardiac opacity not well evaluated , maybe secondary to consolidation , multisegmental atelectasis or pleural fluid .",,,,,1,,-1,,-1,,-1,,,
retrocardiac parenchymal opacity likely represents atelectasis .,,,,,1,,,,1,,,,,
retrocardiac parenchymal opacity may represent atelectasis or consolidation .,,,,,1,,-1,,-1,,,,,
"retrocardiac parenchymal opacity may represent pulmonary edema , atelectasis , or consolidation .",,,,,1,-1,-1,,-1,,,,,
retrocardiac probable subsegmental atelectasis .,,,,,,,,,-1,,,,,
retrocardiac rounded lucency likely represents a hiatal hernia .,,,,,,,,,,,,,,
retrocardiac rounded lucency likely represents herniated bowel and bowel gas .,,,,,,,,,,,,,,
rib bridging in the posterior right hemithorax .,1,,,,,,,,,,,,,
right apical consolidation .,,,,,,,1,,,,,,,
right apical pleural fluid .,,,,,,,,,,,1,,,
right apical pleural fluid collection .,,,,,,,,,,,1,,,
right apical pleural thickening noted .,,,,,,,,,,,,1,,
right apical pleural thickening or effusion .,,,,,,,,,,,-1,-1,,
right apical pneumothorax .,,,,,,,,,,1,,,,
right apical pneumothorax is present .,,,,,,,,,,1,,,,
right apically oriented chest tube is present .,1,,,,,,,,,,,,,1
right atrial lead tips are inferiorly directed and may be displaced .,1,,,,,,,,,,,,,
right basal atelectasis versus consolidation .,,,,,,,-1,,-1,,,,,
right basal atelectasis versus ground-glass opacities / edema .,,,,,1,1,,,-1,,,,,
right basal opacity may represent consolidation or atelectasis .,,,,,1,,-1,,-1,,,,,
right basal pleural effusion .,,,,,,,,,,,1,,,
right basal pleural effusion versus pleural thickening .,,,,,,,,,,,-1,-1,,
right basal pleural fluid is likely present .,,,,,,,,,,,1,,,
right basal pleural fluid is present .,,,,,,,,,,,1,,,
right basal pleural fluid is questionably present .,,,,,,,,,,,1,,,
right basal pleural fusion .,1,,,,,,,,,,,,,
right basilar airspace opacities .,,,,,1,,,,,,,,,
right basilar atelectasis .,,,,,,,,,1,,,,,
right basilar atelectasis and possible left basilar atelectasis .,,,,,,,,,1,,,,,
right basilar atelectasis or consolidation .,,,,,,,-1,,-1,,,,,
right basilar atelectasis or consolidation noted .,,,,,,,-1,,-1,,,,,
right basilar atelectasis versus consolidation .,,,,,,,-1,,-1,,,,,
right basilar atelectatic versus consolidative opacity .,,,,,1,,-1,,-1,,,,,
right basilar cavitary lesion versus focal collection of pleural space air .,,,,-1,,,,,,,,,,
right basilar chest tube .,1,,,,,,,,,,,,,1
right basilar chest tube is present .,1,,,,,,,,,,,,,1
right basilar chest tubes .,1,,,,,,,,,,,,,1
right basilar consolidation .,,,,,,,1,,,,,,,
right basilar consolidation or atelectasis .,,,,,,,-1,,-1,,,,,
right basilar consolidation versus multisegmental atelectasis .,,,,,,,-1,,-1,,,,,
right basilar consolidative versus atelectatic opacity .,,,,,-1,,-1,,1,,,,,
right basilar ground-glass opacities .,,,,,1,,,,,,,,,
right basilar ground-glass opacities and layering right pleural effusion .,,,,,1,,,,,,1,,,
right basilar ground-glass opacities versus right infrahilar pulmonary edema .,,,,,-1,-1,,,,,,,,
right basilar lucency likely represents pneumothorax which may be loculated .,,,,,,,,,,1,,,,
right basilar nodular opacity may represent nipple shadow .,,,,1,1,,,,,,,,,
right basilar opacities obscure the right cardiac border .,,,,,-1,,,,,,,,,
right basilar opacity also likely represents atelectasis and / or consolidation and possible effusion .,,,,,1,,-1,,-1,,-1,,,
"right basilar opacity consistent with consolidation , multisegmental atelectasis and / or pleural fluid .",,,,,1,,-1,,1,,-1,,,
right basilar opacity consistent with consolidation or atelectasis .,,,,,1,,-1,,-1,,,,,
right basilar opacity could represent a small focus of consolidation .,,,,,1,,1,,,,,,,
right basilar opacity could represent atelectasis .,,,,,1,,,,-1,,,,,
right basilar opacity likely represents a combination of pleural effusion and atelectatic versus consolidation .,,,,,1,,-1,,-1,,1,,,
right basilar opacity likely represents atelectasis .,,,,,1,,,,1,,,,,
right basilar opacity likely represents atelectasis or consolidation and possible left basilar atelectasis versus consolidation .,,,,,1,,-1,,-1,,,,,
right basilar opacity likely represents atelectasis or scarring .,,,,,1,,,,-1,,,,,
right basilar opacity may represent atelectasis or consolidation .,,,,,1,,-1,,-1,,,,,
right basilar opacity may represent atelectasis or consolidation with small effusion .,,,,,1,,-1,,-1,,1,,,
right basilar opacity which may represent atelectasis or consolidation .,,,,,1,,-1,,-1,,,,,
right basilar parenchyma or pleural opacities .,,,,,-1,,,,,,,,,
right basilar patchy consolidation .,,,,,,,1,,,,,,,
right basilar pigtail catheter .,1,,,,,,,,,,,,,1
right basilar pigtail catheter is present .,1,,,,,,,,,,,,,1
right basilar pleural effusion .,,,,,,,,,,,1,,,
right basilar pleural effusion and possible consolidation .,,,,,,,-1,,,,1,,,
right basilar pleural space drainage catheter .,1,,,,,,,,,,,,,1
right basilar pneumothorax .,,,,,,,,,,1,,,,
right basilar pulmonary opacity .,,,,,1,,,,,,,,,
right basilar rounded opacity .,,,,,1,,,,,,,,,
right basilar subsegmental atelectasis .,,,,,,,,,1,,,,,
right basilar subsegmental atelectasis or scarring .,,,,,-1,,,,-1,,,,,
right basilar subsegmental atelectasis versus hazy airspace opacities .,,,,,-1,,,,-1,,,,,
right calcified fibrothorax is present .,,,,,,,,,,,,1,,
right cardiac contours are obscured .,,-1,-1,,,,,,,,,,,
right central venous catheter is at the cavoatrial junction .,1,,,,,,,,,,,,,1
right central venous catheter is in the right atrium .,1,,,,,,,,,,,,,1
right central venous catheter terminates in the lower svc .,1,,,,,,,,,,,,,1
right central venous catheter tip in the right atrium .,1,,,,,,,,,,,,,1
right central venous catheter tip near the superior cavoatrial junction .,1,,,,,,,,,,,,,1
right central venous catheter with tip in the right atrium .,1,,,,,,,,,,,,,1
right central venous catheters terminate in the lower third of svc or upper right atrium .,1,,,,,,,,,,,,,1
right chest port is at the cavoatrial junction .,1,,,,,,,,,,,,,
right chest port is in the svc .,1,,,,,,,,,,,,,
right chest port tip in the svc .,1,,,,,,,,,,,,,
right chest port tip is at the cavoatrial junction .,1,,,,,,,,,,,,,
right chest port tip is in the cavoatrial junction .,1,,,,,,,,,,,,,
right chest port tip is in the svc .,1,,,,,,,,,,,,,
right chest tube is at the lung base .,1,,,,,,,,,,,,,1
right chest tube is directed towards the mediastinum .,,1,,,,,,,,,,,,1
right chest tube is present .,1,,,,,,,,,,,,,1
right chest tube is present with side port projecting over the lateral right ribs and may be extrapleural .,1,,,,,,,,,,,,,1
right chest tube noted .,1,,,,,,,,,,,,,1
right chest tubes are present .,1,,,,,,,,,,,,,1
right chest wall accessory clips are present .,1,,,,,,,,,,,,,
right chest wall subcutaneous emphysema is present .,,,,,,,,,,,,,,
right costophrenic angle is not included within the image .,1,,,,,,,,,,,,,
right costophrenic angle not within the field of view .,1,,,,,,,,,,,,,
right cvc tip projects over the mid svc .,1,,,,,,,,,,,,,
right dialysis catheters are also in the svc .,1,,,,,,,,,,,,,1
right effusion extends to the right apex .,,,,,,,,,,,1,,,
right fourth rib has been shingled .,1,,,,,,,,,,,,,
right glenohumeral arthritis is present .,1,,,,,,,,,,,,,
"right greater than left infrahilar parenchymal opacities may represent consolidation , aspiration , or atelectasis .",,,,,1,,-1,,-1,,,,,
right greater than left multifocal parenchymal opacities .,,,,,1,,,,,,,,,
right greater than left small bibasilar pleural effusions .,,,,,,,,,,,1,,,
right hazy infrahilar ground-glass opacity versus airway wall thickening .,,,,,-1,,,,,,,,,
right heart and mediastinal border is obscured .,1,,,,,,,,,,,,,
right hemidiaphragm is elevated .,1,,,,,,,,,,,,,
right hemidiaphragm is moderately elevated .,1,,,,,,,,,,,,,
right hemithorax collimated from field of view .,1,,,,,,,,,,,,,
right hemithorax opacity compromises mediastinal evaluation .,,,,,1,,,,,,,,,
right hilar consolidation not excluded .,,,,,,,-1,,,,,,,
"right hilar contour is enlarged , vascular structures versus lymphadenopathy .",,1,,,,,,,,,,,,
right hilar contour is enlarged .,,1,,,,,,,,,,,,
right hilar enlargement .,1,,,,,,,,,,,,,
right hilar enlargement may be secondary to lymphadenopathy .,1,,,,,,,,,,,,,
right hilar enlargement noted .,1,,,,,,,,,,,,,
right hilar enlargement versus central right lung atelectasis .,,,,,,,,,-1,,,,,
right hilar patchy consolidation .,,,,,,,1,,,,,,,
right hilum is enlarged .,1,,,,,,,,,,,,,
right hilum parenchymal opacity likely represents atelectasis .,,,,,1,,,,1,,,,,
right humeral bone anchors are present .,1,,,,,,,,,,,,,
right hydropneumothorax .,,,,,,,,,,1,,,,
right ij and left ij catheter are in the svc .,1,,,,,,,,,,,,,1
right ij approach cvc and right picc line tip project over the mid svc .,1,,,,,,,,,,,,,1
right ij approach pac tip projects over the left pulmonary artery .,1,,,,,,,,,,,,,
right ij approach pulmonary arterial catheter tip projects over the right pulmonary artery .,1,,,,,,,,,,,,,1
right ij approach pulmonary artery catheter,1,,,,,,,,,,,,,1
right ij approach pulmonary artery catheter with tip in the main pulmonary artery .,1,,,,,,,,,,,,,1
right ij catheter is at the cavoatrial junction .,1,,,,,,,,,,,,,1
right ij catheter is in the svc .,1,,,,,,,,,,,,,1
right ij catheter tip is at the cavoatrial junction .,1,,,,,,,,,,,,,1
right ij catheter tip is in the cavoatrial junction .,1,,,,,,,,,,,,,1
right ij catheter tip is in the svc .,1,,,,,,,,,,,,,1
right ij catheter tip projects over the lower svc .,1,,,,,,,,,,,,,1
right ij catheter tubes in the svc .,1,,,,,,,,,,,,,1
right ij cvc tip projects over the lower svc .,1,,,,,,,,,,,,,
right ij cvc tip projects over the mid svc .,1,,,,,,,,,,,,,
right ij cvc tip projects over the mid-lower svc .,1,,,,,,,,,,,,,
right ij cvc tip projects over the upper svc .,1,,,,,,,,,,,,,
right ij introducer sheath tip projects over the upper svc .,1,,,,,,,,,,,,,
right ij sheath catheter tip projects over the upper svc .,1,,,,,,,,,,,,,1
right ij tunneled central venous catheter tip projects over the right atrium .,1,,,,,,,,,,,,,1
right infrahilar consolidation .,,,,,,,1,,,,,,,
right infrahilar consolidation is present .,,,,,,,1,,,,,,,
right infrahilar contour is enlarged .,,1,,,,,,,,,,,,
right infrahilar ground-glass opacity .,,,,,1,,,,,,,,,
right infrahilar lymphadenopathy versus consolidation .,,,,,,,-1,,,,,,,
right internal jugular approach pacing wire is looped back with tip in the right atrium .,1,,,,,,,,,,,,,
"right internal jugular approach pulmonary artery catheter , endotracheal tube , prosthetic tricuspid valve , and gastric tube in satisfactory position .",1,,,,,,,,,,,,,1
right internal jugular approach pulmonary artery catheter .,1,,,,,,,,,,,,,1
right internal jugular approach pulmonary artery catheter in satisfactory position .,1,,,,,,,,,,,,,1
right internal jugular approach pulmonary artery catheter with tip in the right pulmonary artery .,1,,,,,,,,,,,,,1
right internal jugular catheter is at the cavoatrial junction .,1,,,,,,,,,,,,,1
right internal jugular catheter is in the svc .,1,,,,,,,,,,,,,1
right internal jugular catheter tip is at the cavoatrial junction .,1,,,,,,,,,,,,,1
right internal jugular catheter tip is in the svc .,1,,,,,,,,,,,,,1
right internal jugular central venous catheter .,1,,,,,,,,,,,,,1
right internal jugular central venous catheter and a gastric tube are present .,1,,,,,,,,,,,,,1
right internal jugular central venous catheter in satisfactory position .,1,,,,,,,,,,,,,1
right internal jugular central venous catheter tip in the proximal svc .,1,,,,,,,,,,,,,1
right internal jugular central venous catheter tip near the superior cavoatrial junction .,1,,,,,,,,,,,,,1
right internal jugular central venous catheter with tip in satisfactory position .,1,,,,,,,,,,,,,1
right internal jugular central venous catheter with tip in the lower svc .,1,,,,,,,,,,,,,1
right internal jugular central venous catheter with tip in the lower third of the svc .,1,,,,,,,,,,,,,1
right internal jugular central venous catheter with tip in the right atrium .,1,,,,,,,,,,,,,1
right internal jugular central venous catheter with tip in the superior catheter junction .,1,,,,,,,,,,,,,1
right internal jugular central venous catheter with tip in the svc .,1,,,,,,,,,,,,,1
right internal jugular dual lumen catheter with tip in the lower svc .,1,,,,,,,,,,,,,1
right internal jugular pulmonary catheter with tip in the right pulmonary artery .,1,,,,,,,,,,,,,1
right internal jugular sheath with tip in the upper svc .,1,,,,,,,,,,,,,
right internal jugular vein catheter terminates in the upper third of svc .,1,,,,,,,,,,,,,1
right jugular vein catheter is in the right brachiocephalic vein .,1,,,,,,,,,,,,,1
right jugular vein catheter is properly positioned .,1,,,,,,,,,,,,,1
right jugular vein catheter terminates in the middle third of svc .,1,,,,,,,,,,,,,1
right jugular vein catheter terminates in the upper third of svc .,1,,,,,,,,,,,,,1
right jugular vein catheter terminates in upper third of svc .,1,,,,,,,,,,,,,1
right jugular vein introducer sheath is present .,1,,,,,,,,,,,,,
right left basilar opacity may represent atelectasis or consolidation .,,,,,1,,-1,,-1,,,,,
right lower lobe atelectasis is present .,,,,,,,,,1,,,,,
right lower lobe consolidation .,,,,,,,1,,,,,,,
right lower lobe consolidation or atelectasis .,,,,,,,-1,,-1,,,,,
right lower lung opacity may be atelectasis or consolidation .,,,,,1,,-1,,-1,,,,,
right lung apex is obscured .,1,,,,,,,,,,,,,
right lung clear .,1,,,,,,,,,,,,,
right lung consolidation and likely atelectasis noted .,,,,,,,1,,1,,,,,
right lung edema is possibly present .,,,,,,1,,,,,,,,
right lung is clear .,1,,,,,,,,,,,,,
right lung volume is normal .,1,,,,,,,,,,,,,
right mid lung zone atelectasis versus consolidation .,,,,,,,-1,,-1,,,,,
right midline catheter tip projects over the right axilla .,1,,,,,,,,,,,,,1
right pectoral crt-d with leads in expected position .,1,,,,,,,,,,,,,
right pectoral defibrillator with lead tip in the right atrial appendage and right ventricular apex .,,,,,,,,,,,,,,1
right pectoral dual-chamber cardiac pacemaker .,1,,,,,,,,,,,,,1
right pectoral dual-chamber cardiac pacemaker with leads in expected position .,1,,,,,,,,,,,,,1
"right pectoral icd , with leads in expected position .",1,,,,,,,,,,,,,1
"right pectoral pacemaker device is present , with intact leads in the right atrium and right ventricle .",1,,,,,,,,,,,,,1
"right pectoral pacemaker device is present , with leads in right atrial appendage and right ventricle .",1,,,,,,,,,,,,,1
right pectoral pacemaker with lead tips in the right atrial appendage and right ventricular apex,1,,,,,,,,,,,,,1
right pectoral pacemaker device is present .,1,,,,,,,,,,,,,1
right pectoral pacemaker with lead tips in satisfactory position .,1,,,,,,,,,,,,,1
"right pectoral pacemaker with lead tips in the right atrial appendage , right ventricle and peripheral cardiac vein .",1,,,,,,,,,,,,,1
right perihilar peribronchial fluid cuffs are questionably present .,1,,,,,,,,,,,,,
right picc in satisfactory position .,1,,,,,,,,,,,,,1
right picc is in the right axillary vein .,1,,,,,,,,,,,,,1
right picc is in the superior vena cava .,1,,,,,,,,,,,,,1
right picc is present in the superior vena cava .,1,,,,,,,,,,,,,1
right picc is present near the junction of the brachiocephalic veins .,1,,,,,,,,,,,,,1
right picc is properly positioned .,1,,,,,,,,,,,,,1
right picc line is at the cavoatrial junction .,1,,,,,,,,,,,,,1
right picc line is in the svc .,1,,,,,,,,,,,,,1
right picc line tip is at the cavoatrial junction .,1,,,,,,,,,,,,,1
right picc line tip is in the subclavian vein .,1,,,,,,,,,,,,,1
right picc line tip is in the svc .,1,,,,,,,,,,,,,1
right picc line tip projects over the mid svc .,1,,,,,,,,,,,,,1
right picc line tip projects over the superior cavoatrial junction .,1,,,,,,,,,,,,,1
right picc terminates at the junction of the brachiocephalic veins .,1,,,,,,,,,,,,,1
right picc terminates at the superior cavoatrial junction .,1,,,,,,,,,,,,,1
right picc terminates close to junction of the brachiocephalic veins .,1,,,,,,,,,,,,,1
right picc terminates in svc .,1,,,,,,,,,,,,,1
right picc terminates in the upper right atrium .,1,,,,,,,,,,,,,1
right picc terminates in the upper third of svc .,1,,,,,,,,,,,,,1
right picc terminates in upper third of svc .,1,,,,,,,,,,,,,1
right picc terminates near the junction of right internal jugular and subservient veins .,1,,,,,,,,,,,,,1
right picc tip projects over the lower svc .,1,,,,,,,,,,,,,1
right picc tip projects over the mid svc .,1,,,,,,,,,,,,,1
right picc tip projects over the superior cavoatrial junction .,1,,,,,,,,,,,,,1
right picc tip projects over the upper svc .,1,,,,,,,,,,,,,1
right picc with tip at the superior cavoatrial junction .,1,,,,,,,,,,,,,1
right picc with tip in the mid superior vena cava .,1,,,,,,,,,,,,,1
right picc with tip in the superior cavoatrial junction .,1,,,,,,,,,,,,,1
right picc with tip in the superior vena cava .,1,,,,,,,,,,,,,1
right picc with tip near the superior cavoatrial junction .,1,,,,,,,,,,,,,1
right pigtail catheter projects over the basilar right hemithorax .,1,,,,,,,,,,,,,1
right pigtail catheter projects over the mid-basilar right hemithorax .,1,,,,,,,,,,,,,1
right pleural catheter is present .,1,,,,,,,,,,,,,1
right pleural drainage catheter is present .,1,,,,,,,,,,,,,1
"right pleural effusion , small .",,,,,,,,,,,1,,,
right pleural effusion .,,,,,,,,,,,1,,,
right pleural effusion and adjacent atelectasis .,,,,,,,,,1,,1,,,
right pleural effusion and adjacent parenchymal opacities which may represent atelectasis or consolidation .,,,,,1,,-1,,-1,,1,,,
right pleural effusion is present .,,,,,,,,,,,1,,,
right pleural effusion noted .,,,,,,,,,,,1,,,
right pleural effusion with adjacent atelectasis or consolidation .,,,,,,,-1,,-1,,1,,,
right pleural effusion with adjacent atelectasis versus pneumonia .,,,,,,,,-1,-1,,1,,,
right pleural effusion with intrafissural extension .,,,,,,,,,,,1,,,
right pleural effusion with lobulated borders .,,,,,,,,,,,1,,,
right pleural effusion with probable superimposed atelectasis .,,,,,,,,,-1,,1,,,
"right pleural effusion with superimposed atelectasis , consolidation , ground-glass opacities .",,,,,1,,1,,1,,1,,,
right pleural effusion with superimposed atelectasis or consolidation .,,,,,,,-1,,-1,,1,,,
right pleural fluid is present .,,,,,,,,,,,1,,,
right pleural fluid is present in the basal right hemithorax .,,,,,,,,,,,1,,,
right pleural fluid is questionably present .,,,,,,,,,,,1,,,
right pleural fluid or pleural thickening is present in the basal right hemithorax .,,,,,,,,,,,-1,-1,,
right pleural pigtail catheter and right chest tube are present .,1,,,,,,,,,,,,,1
right pleural pigtail catheter is present .,1,,,,,,,,,,,,,1
right pleural pigtail catheter noted at the base .,1,,,,,,,,,,,,,1
right pleural port catheter tip projects over the lower svc .,1,,,,,,,,,,,,,1
right pleural space catheter is present .,1,,,,,,,,,,,,,1
right pleural space drainage catheter is present .,1,,,,,,,,,,,,,1
right pleural space drainage tube is present .,1,,,,,,,,,,,,,1
right pleural space drainage tubes are present .,1,,,,,,,,,,,,,1
right pleural space pigtail drainage catheter .,1,,,,,,,,,,,,,1
right pleural thickening noted .,,,,,,,,,,,,1,,
right pleurx drainage catheter projects over the basilar right hemithorax .,1,,,,,,,,,,,,,1
right pneumothorax is present .,,,,,,,,,,1,,,,
right pneumothorax with additional lucency at the right lung base possibly representing pleural air versus bullae .,,,,,,,,,,1,,,,
right port catheter and left subclavian central venous catheter with tips in the lower superior vena cava .,1,,,,,,,,,,,,,1
right port catheter in satisfactory position .,1,,,,,,,,,,,,,1
right port catheter tip at the superior cavoatrial junction .,1,,,,,,,,,,,,,1
right port catheter tip in the right atrium .,1,,,,,,,,,,,,,1
right port catheter tip projects over the distal right ij right .,1,,,,,,,,,,,,,1
right port catheter tip projects over the lower svc .,1,,,,,,,,,,,,,1
right port catheter tip projects over the mid svc .,1,,,,,,,,,,,,,1
right port catheter tip projects over the superior cavoatrial junction .,1,,,,,,,,,,,,,1
right port catheter tip projects over the upper svc .,1,,,,,,,,,,,,,1
right port catheter with tip in the lower superior vena cava .,1,,,,,,,,,,,,,1
right port catheter with tip near the superior cavoatrial junction .,1,,,,,,,,,,,,,1
right posterior rib fracture versus post-surgical change .,,,,,,,,,,,,,-1,
right pulmonary vessels are normal .,1,,,,,,,,,,,,,
right rib fractures .,,,,,,,,,,,,,1,
right sheath catheter projects over the right ij .,1,,,,,,,,,,,,,1
right subclavian catheter is noted with tip in the svc .,1,,,,,,,,,,,,,1
right subclavian catheter tip is at the cavoatrial junction .,1,,,,,,,,,,,,,1
right subclavian catheter tip is in the svc .,1,,,,,,,,,,,,,1
right subclavian central venous catheter tip near the cavoatrial junction .,1,,,,,,,,,,,,,1
right subclavian central venous catheter with tip in the lower svc .,1,,,,,,,,,,,,,1
right subclavian central venous catheter with tip in the lower third of the superior vena cava .,1,,,,,,,,,,,,,1
right subclavian vein approach central venous catheter tip projects over the confluence of the brachiocephalic veins .,1,,,,,,,,,,,,,1
right subclavian vein approach central venous catheter tip projects over the mid svc .,1,,,,,,,,,,,,,1
right subclavian vein approach cvc tip projects over the lower svc .,1,,,,,,,,,,,,,
right subclavian vein catheter is properly positioned .,1,,,,,,,,,,,,,1
right subclavian vein catheter terminates in middle third of svc .,1,,,,,,,,,,,,,1
right subcutaneous emphysema .,,,,,,,,,,,,,,
right subcutaneous emphysema and probable small right pneumothorax .,,,,,,,,,,-1,,,,
right suprahilar mass versus consolidation or lymphadenopathy .,,,,-1,,,-1,,,,,,,
right swan-ganz catheter tip is in the right main pulmonary artery .,1,,,,,,,,,,,,,1
right thoracostomy tube .,1,,,,,,,,,,,,,1
right thoracostomy tube at the right apex .,1,,,,,,,,,,,,,1
right thoracostomy tube is present .,1,,,,,,,,,,,,,1
right thoracostomy tube versus pleurx catheter is present .,1,,,,,,,,,,,,,-1
right thoracostomy tube with tip at the apex .,1,,,,,,,,,,,,,1
right thoracostomy tube with tip in the medial right base .,1,,,,,,,,,,,,,1
"right upper and lower lung opacities are present , consistent with areas of consolidated lung .",,,,,1,,1,,,,,,,
"right upper lobe opacity , consistent with consolidation , is present .",,,,,1,,1,,,,,,,
right upper lobe opacity likely represents mass .,,,,1,1,,,,,,,,,
right upper lobe pulmonary consolidation or mass .,,,,-1,,,-1,,,,,,,
right upper lung zone opacity abutting the pleural surface laterally maybe due to a loculated effusion with superimposed consolidation .,,,,,1,,1,,,,-1,,,
rightward curvature of the spine .,1,,,,,,,,,,,,,
"rightward deviation of the mid trachea , otherwise normal cardiomediastinal silhouette .",1,0,,,,,,,,,,,,
rightward spinal curvature .,1,,,,,,,,,,,,,
rotated image .,1,,,,,,,,,,,,,
"rotated position , limiting evaluation of the lung parenchyma .",1,,,,,,,,,,,,,
rotated position .,1,,,,,,,,,,,,,
"rounded lucency projecting over the right lung apex may represent a contained pneumothorax , or parenchymal bullae .",,,,,,,,,,-1,,,,
rounded opacity at the right lung base could be eventration of the hemidiaphragm .,,,,,1,,,,,,,,,
rounded opacity is present in the right lower lung .,,,,,1,,,,,,,,,
rounded opacity projecting over the inferior mediastinum may represent a hiatal hernia or thoracic aneurysm .,,1,,,1,,,,,,,,,
"rounded opacity projects over the lateral left lung base , and may be secondary to overlying soft tissues , recommend two-view chest radiograph .",,,,,1,,,,,,,,,
s shaped curvature of the thoracic spine .,1,,,,,,,,,,,,,
"s shaped scoliosis , convex right in the lower thoracic spine .",,,,,,,,,,,,,,
s-shaped curvature of the thoracolumbar spine .,1,,,,,,,,,,,,,
s-shaped curvature of the upper thoracic spine .,1,,,,,,,,,,,,,
saber sheath trachea configuration is present .,1,,,,,,,,,,,,,
scapular tips overlie the bilateral lungs .,1,,,,,,,,,,,,,
scattered atelectasis in the periphery of the left lower lung .,,,,,,,,,1,,,,,
scattered bibasilar subsegmental atelectasis .,,,,,,,,,1,,,,,
"scattered bilateral band-like opacities may represent areas of atelectasis , aspiration , or scarring .",,,,,1,,,,-1,,,,,
"scattered fine linear opacities in the mid lungs bilaterally , likely represent areas of scarring or atelectasis .",,,,,1,,,,-1,,,,,
scattered fine linear opacities may represent regions of interstitial pulmonary edema or subsegmental atelectasis .,,,,,1,-1,,,-1,,,,,
scattered foci of subsegmental atelectasis and / or scarring in the right lung .,,,,,-1,,,,-1,,,,,
scattered foci of subsegmental atelectasis in the right lung base .,,,,,,,,,1,,,,,
scattered hazy bilateral subsegmental-size parenchymal opacities may represent atelectasis or ground-glass opacities .,,,,,1,,,,-1,,,,,
scattered hazy opacities in the lung bases which may represent areas of atelectasis or ground-glass opacity .,,,,,1,,,,-1,,,,,
scattered hazy parenchymal opacities in the lower lungs .,,,,,1,,,,,,,,,
"scattered high attenuation lesions bilaterally , maybe due to calcified granulomas .",,,,,,,,,,,,,,
scattered hilar and mediastinal surgical clips .,1,,,,,,,,,,,,,
scattered linear opacities and peribronchial thickening likely represent interstitial pulmonary edema .,,,,,1,1,,,,,,,,
scattered linear opacities in the left lung base likely represent subsegmental atelectasis .,,,,,1,,,,1,,,,,
scattered linear opacities in the lung bases are favored to represent areas of atelectasis .,,,,,1,,,,1,,,,,
scattered linear opacities in the right lung may represent areas of atelectasis or scarring .,,,,,1,,,,-1,,,,,
scattered linear opacities may represent airway wall thickening or scarring .,,,,,1,,,,,,,,,
scattered linear opacities may represent ground-glass opacities or atelectasis .,,,,,1,,,,-1,,,,,
scattered mediastinal surgical clips .,1,,,,,,,,,,,,,
scattered patchy parenchymal opacities within the right lung .,,,,,1,,,,,,,,,
scattered peribronchial thickening .,,,,,1,,,,,,,,,
scattered peribronchial thickening and mild septal line thickening may represent pulmonary interstitial edema .,,,,,1,-1,,,,,,,,1
scattered peribronchial thickening and patchy parenchymal opacities .,,,,,1,,,,,,,,,
scattered peribronchial thickening may represent interstitial pulmonary edema .,,,,,1,-1,,,,,,,,
scattered peribronchial thickening may represent mild interstitial pulmonary edema .,,,,,1,-1,,,,,,,,
scattered perihilar peribronchial thickening .,,,,,1,,,,,,,,,
"scattered peripheral reticular opacities may represent edema , or pulmonary fibrosis .",,,,,1,-1,,,,,,-1,,
scattered probable peribronchial thickening may represent interstitial pulmonary edema .,,,,,-1,-1,,,,,,,,
scattered radiodense nodular opacities in the right lung likely represent calcified granulomas .,,,,1,1,,,,,,,,,
scattered remote appearing rib fractures .,,,,,,,,,,,,,1,
scattered reticular opacities may represent pulmonary edema .,,,,,1,-1,,,,,,,,
scattered skin folds project over the lower thorax .,1,,,,,,,,,,,,,
scattered small high density nodular opacities likely represent calcified granulomas .,,,,1,1,,,,,,,,,
scattered small mediastinal surgical clips .,1,,,,,,,,,,,,,
scattered small surgical clips project over the superior mediastinum-lower neck .,,1,,,,,,,,,,,,
scattered subsegmental-sized opacities in the left lung base may represent consolidation or atelectasis .,,,,,1,,-1,,-1,,,,,
scattered subsegmental-sized opacities likely represent focus of subsegmental atelectasis .,,,,,1,,,,1,,,,,
scattered subsegmental-sized opacities may represent atelectasis versus mild interstitial pulmonary edema .,,,,,1,-1,,,-1,,,,,
scattered surgical clips .,1,,,,,,,,,,,,,
scattered surgical clips project over the left basilar hemithorax or left breast .,1,,,,,,,,,,,,,
scattered surgical clips project over the left hilar region .,1,,,,,,,,,,,,,
scattered surgical clips project over the mediastinal contour .,,1,,,,,,,,,,,,
scattered surgical clips project over the mediastinum .,,1,,,,,,,,,,,,
scattered surgical clips project over the right hilum and right lung .,1,,,,,,,,,,,,,
scattered surgical clips project over the right upper abdomen .,1,,,,,,,,,,,,,
scattered surgical clips project over the right upper abdomen versus basilar right hemithorax .,1,,,,,,,,,,,,,
scattered surgical clips project over the upper mid abdomen .,1,,,,,,,,,,,,,
scattered surgical clips projects over the mid chest .,1,,,,,,,,,,,,,
scattered suture anchors project over the right humeral head .,1,,,,,,,,,,,,,
sclerosis of the right humeral head .,1,,,,,,,,,,,,,
sclerotic lesion in the left humeral head .,1,,,,,,,,,,,,,
scoliosis .,,,,,,,,,,,,,,
screw anchors are present in right humeral head .,1,,,,,,,,,,,,,1
segmental consolidation is questionably present in left lower lung .,,,,,,,1,,,,,,,
segmental left lower lobe opacities consistent with atelectatic or consolidated lung .,,,,,1,,-1,,-1,,,,,
segmental left lower lobe opacity is consistent with atelectasis .,,,,,1,,,,1,,,,,
"segmental left lower lobe opacity is consistent with consolidated or atelectatic lung , or mass .",,,,-1,1,,-1,,-1,,,,,
segmental left lower lobe opacity is likely atelectatic lung .,,,,,1,,,,1,,,,,
segmental left upper lobe opacities consistent with atelectatic lung .,,,,,1,,,,1,,,,,
"segmental opacity , consistent with atelectatic and / or consolidated lung is likely present in the right lower lobe .",,,,,1,,1,,1,,,,,
segmental opacity in left lower lobe is consistent with atelectatic or consolidated lung .,,,,,1,,-1,,-1,,,,,
segmental opacity in right lower lobe is consistent with atelectatic and / or consolidated lung .,,,,,1,,1,,-1,,,,,
segmental opacity in the adjacent right lower lung is consistent with atelectatic or consolidated lung .,,,,,1,,-1,,-1,,,,,
segmental opacity in the left lower lobe is consistent with atelectatic and / or consolidated lung .,,,,,1,,1,,-1,,,,,
segmental opacity in the medial right lower lobe is consistent with atelectatic and / or consolidated lung .,,,,,1,,1,,-1,,,,,
segmental opacity in the retrocardiac left lower lobe is consistent with an area of atelectatic and / or consolidated lung .,,,,,1,,1,,-1,,,,,
segmental opacity in the retrocardiac left lower lobe is consistent with atelectatic or consolidated lung .,,,,,1,,-1,,-1,,,,,
segmental opacity in the right lower lobe is likely consolidation as well .,,,,,1,,1,,,,,,,
"segmental opacity is possibly present in left lower lobe , consistent with atelectatic and / or consolidated lung .",,,,,1,,1,,1,,,,,
"segmental opacity is questionably present in retrocardiac left lower lobe , consistent with atelectatic and / or consolidated lung .",,,,,1,,1,,1,,,,,
"segmental opacity is questionably present in superior segment of the right lower lobe , consistent with atelectatic and / or consolidated lung .",,,,,1,,1,,-1,,,,,
segmental retrocardiac left lower lobe opacity is consistent with atelectatic and / or consolidated lung .,,,,,1,,1,,1,,,,,
segmental right lower lobe opacity is consistent with atelectatic and / or consolidated lung .,,,,,1,,1,,-1,,,,,
septal lines are present in the left lower lung .,1,,,,,,,,,,,,,1
several healed left rib cage fractures are present .,,,,,,,,,,,,,1,
several healed right rib cage fractures are present .,,,,,,,,,,,,,1,
several healed upper left rib cage fractures are present .,,,,,,,,,,,,,1,
severe degenerative changes of the bilateral shoulders .,,,,,,,,,,,,,,
severe degenerative changes of the left glenohumeral joint .,,,,,,,,,,,,,,
severe thoracolumbar scoliosis .,,,,,,,,,,,,,,
signal generator is present with intact vagus nerve stimulator leads .,1,,,,,,,,,,,,,
similar subsegmental opacity is present in the left parahilar lung .,,,,,1,,,,,,,,,
single lead left pectoral cardiac pacemaker .,1,,,,,,,,,,,,,1
single lead left pectoral cardiac pacemaker with lead tip projecting over the right ventricular apex .,1,,,,,,,,,,,,,1
"single lead left pectoral pacemaker , with lead orientation suggestive of a left persistent svc .",1,,,,,,,,,,,,,1
single surgical clip projects over the right lung base .,1,,,,,,,,,,,,,
skin folds are seen bilaterally .,1,,,,,,,,,,,,,
skin folds project over the hemithoraces .,1,,,,,,,,,,,,,
slight cardiomegaly is likely present .,,,1,,,,,,,,,,,
slight cardiomegaly is possibly present .,,,1,,,,,,,,,,,
slight cardiomegaly is present .,,,1,,,,,,,,,,,
slight cardiomegaly is questionably present .,,,1,,,,,,,,,,,
slight elevation or eventration of the right hemidiaphragm .,,,,,,,,,,,,,,
slight relative elevation of left hemidiaphragm is present .,,,,,,,,,,,,,,
slight relative elevation of right hemidiaphragm is present .,,,,,,,,,,,,,,
slightly enlarged cardiac silhouette .,,,1,,,,,,,,,,,
small amount of fluid along the right minor fissure .,,,,,,,,,,,,,,
small amount of fluid is present in right major fissure .,,,,,,,,,,,,,,
small amount of left basal pleural fluid is present .,,,,,,,,,,,1,,,
small amount of left basal pleural fluid is questionably present .,,,,,,,,,,,1,,,
small amount of pleural air is present in the lateral-basal left hemithorax .,1,,,,,,,,,,,,,
small amount of pleural fluid along the right fissure .,,,,,,,,,,,1,,,
small amount of pleural or mediastinal air is questionably present at the level of aortic arch .,1,,,,,,,,,,,,,
small amount of pleural thickening is present in the basal right hemithorax .,,,,,,,,,,,,1,,
small amount of right chest wall subcutaneous emphysema is present .,,,,,,,,,,,,,,
small amount of soft tissue emphysema within the right lateral chest wall .,,,,,,,,,,,,,,
small amount of subcutaneous emphysema in soft tissues of the left lower neck .,,,,,,,,,,,,,,
small amount of subcutaneous emphysema in the left lateral chest wall .,,,,,,,,,,,,,,
small amount of subcutaneous emphysema is questionably present in right axilla .,,,,,,,,,,,,,,
small amounts of pleural or extrapleural fluid are present in the apical hemithoraces .,,,,,,,,,,,-1,,,
small bibasilar pleural effusions .,,,,,,,,,,,1,,,
small bilateral layering pleural effusions .,,,,,,,,,,,1,,,
small bilateral layering pleural effusions and adjacent hazy parenchymal opacities which could represent consolidation or atelectasis .,,,,,1,,-1,,-1,,1,,,
"small bilateral pleural effusions , greater on the left .",,,,,,,,,,,1,,,
"small bilateral pleural effusions , left greater than right .",,,,,,,,,,,1,,,
"small bilateral pleural effusions , right greater than left .",,,,,,,,,,,1,,,
small bilateral pleural effusions .,,,,,,,,,,,1,,,
small bilateral pleural effusions and adjacent parenchymal opacities .,,,,,1,,,,,,1,,,
small bilateral pleural effusions and bibasilar hazy opacities likely representing atelectasis .,,,,,1,,,,1,,1,,,
small bilateral pleural effusions and bilateral patchy consolidation and / or pulmonary edema .,,,,,,-1,1,,,,1,,,
small bilateral pleural effusions and patchy bilateral ground-glass opacities and / or consolidation .,,,,,1,,-1,,,,1,,,
small bilateral pleural effusions and patchy consolidation in the bilateral lungs consistent with infection and / or pulmonary edema .,,,,,,1,1,1,,,1,,,
small bilateral pleural effusions and probable adjacent atelectasis .,,,,,,,,,-1,,1,,,
small bilateral pleural effusions versus pleural thickening .,,,,,,,,,,,-1,-1,,
small bilateral pleural effusions versus subsegmental atelectasis .,,,,,,,,,-1,,-1,,,
small bilateral pleural effusions with probable adjacent atelectasis .,,,,,,,,,-1,,1,,,
small catheter appears to overlie the superior mediastinum .,,1,,,,,,,,,,,,1
small clusters of nodules are seen in the right upper lung .,,,,1,,,,,,,,,,
small cystic space is present in the apical left lung .,1,,,,,,,,,,,,,
small fluid component is seen within the pleural space as well .,1,,,,,,,,,,,,,
small focus of consolidation or pulmonary nodule in the lateral right lower lung .,,,,-1,,,-1,,,,,,,
small gas-filled hiatal hernia .,,,,,,,,,,,,,,
small hazy opacity is seen in the right upper lung .,,,,,1,,,,,,,,,
small lateral loculated right pleural effusion .,,,,,,,,,,,1,,,
small layering bilateral pleural effusions .,,,,,,,,,,,1,,,
small layering left pleural effusion .,,,,,,,,,,,1,,,
small layering left pleural effusion and patchy consolidation in the left lower lobe .,,,,,,,1,,,,1,,,
small layering right pleural effusion .,,,,,,,,,,,1,,,
small left apical pneumothorax .,,,,,,,,,,1,,,,
small left apical pneumothorax noted .,,,,,,,,,,1,,,,
small left basal pleural effusion is questionably present .,,,,,,,,,,,1,,,
"small left pleural effusion , left basilar subsegmental atelectasis .",,,,,,,,,1,,1,,,
small left pleural effusion .,,,,,,,,,,,1,,,
"small left pleural effusion and adjacent subsegmental-sized opacity which may represent aspiration , infarct , or atelectasis .",,,,,1,,,,-1,,1,,,
small left pleural effusion and left basilar subsegmental atelectasis .,,,,,,,,,1,,1,,,
small left pleural effusion and likely basilar atelectasis .,,,,,,,,,1,,1,,,
small left pleural effusion and possible left basilar atelectasis or consolidation .,,,,,,,-1,,-1,,-1,,,
small left pleural effusion is likely present .,,,,,,,,,,,1,,,
small left pleural effusion is possibly present .,,,,,,,,,,,1,,,
small left pleural effusion is present .,,,,,,,,,,,1,,,
small left pleural effusion is questionably present .,,,,,,,,,,,1,,,
small left pleural effusion noted .,,,,,,,,,,,1,,,
small left pleural effusion versus cardiac fat pad .,,,,,,,,,,,-1,,,
small left pleural effusion versus pleural thickening extending along the lateral left hemithorax .,,,,,,,,,,,-1,-1,,
small left pleural effusion with left basilar subsegmental atelectasis .,,,,,,,,,1,,1,,,
small left pneumothorax .,,,,,,,,,,1,,,,
small left pneumothorax in left basilar atelectasis .,,,,,,,,,1,1,,,,
small lung volumes are noted .,1,,,,,,,,,,,,,
small lung volumes are noted with basilar atelectasis .,,,,,,,,,1,,,,,
small lung volumes are noted with bibasilar atelectasis .,,,,,,,,,1,,,,,
small lung volumes are noted with likely basilar atelectasis .,,,,,,,,,1,,,,,
small lung volumes with likely mild basilar atelectasis .,,,,,,,,,1,,,,,
small lung volumes with patchy subsegmental atelectasis .,,,,,,,,,1,,,,,
small lung volumes with subsegmental atelectasis noted .,,,,,,,,,1,,,,,
small metallic device or object projects lateral to the lower thoracic spine on the right side .,1,,,,,,,,,,,,,-1
small nodular opacities are likely present in the upper lungs .,,,,1,1,,,,,,,,,
small nodular opacity or artifact projects between the right anterior first and second ribs .,,,,-1,-1,,,,,,,,,
small nodular opacity projects over the apical right hemithorax .,,,,1,1,,,,,,,,,
small nodule at the left lung base .,,,,1,,,,,,,,,,
small nodules versus mucus plugging or airway wall thickening in the right lung .,,,,-1,-1,,,,,,,,,
small opacity at the right lung base could represent consolidation or nodule .,,,,-1,1,,-1,,,,,,,
small opacity in the right lung base may represent a small focus of consolidation .,,,,,1,,1,,,,,,,
opacity in the right lung base likely represents atelectasis,,,,,1,,1,,,,,,,
small pleural effusions .,,,,,,,,,,,1,,,
small pleural effusions are likely present .,,,,,,,,,,,1,,,
small pleural effusions are present .,,,,,,,,,,,1,,,
small pleural effusions are questionably present .,,,,,,,,,,,1,,,
small pleural effusions may be present .,,,,,,,,,,,-1,,,
small pulmonary nodules at the left apex .,,,,1,,,,,,,,,,
small pulmonary nodules in the left lung .,,,,1,,,,,,,,,,
small pulmonary nodules versus nipple shadows in the lower lobes .,,,,-1,,,,,,,,,,
small right and possible trace left effusion .,,,,,,,,,,,-1,,,
small right and trace left pleural effusion .,,,,,,,,,,,1,,,
small right and trace left pleural effusions .,,,,,,,,,,,1,,,
small right apical pneumothorax .,,,,,,,,,,1,,,,
small right apical pneumothorax is also present .,,,,,,,,,,1,,,,
small right apical pneumothorax is present .,,,,,,,,,,1,,,,
small right basal lateral pneumothorax .,,,,,,,,,,1,,,,
small right basilar pleural effusion .,,,,,,,,,,,1,,,
small right effusion .,,,,,,,,,,,1,,,
small right hydropneumothorax noted .,,,,,,,,,,1,,,,
"small right pleural effusion , probable retrocardiac multisegmental atelectasis , consolidation not excluded .",,,,,,,-1,,-1,,-1,,,
small right pleural effusion .,,,,,,,,,,,1,,,
small right pleural effusion and basilar atelectasis .,,,,,,,,,1,,1,,,
small right pleural effusion and patchy consolidation at the right lung base .,,,,,,,1,,,,1,,,
small right pleural effusion and possible trace left effusion .,,,,,,,,,,,1,,,
small right pleural effusion and trace fluid along the right minor fissure .,,,,,,,,,,,1,,,
small right pleural effusion extending to the right apex .,,,,,,,,,,,1,,,
small right pleural effusion is also present .,,,,,,,,,,,1,,,
small right pleural effusion is present .,,,,,,,,,,,1,,,
small right pleural effusion is questionably present .,,,,,,,,,,,1,,,
small right pleural effusion noted .,,,,,,,,,,,1,,,
small right pleural effusion or pleural scarring .,,,,,,,,,,,-1,-1,,
small right pleural effusion versus pleural thickening noted .,,,,,,,,,,,-1,-1,,
small right pleural effusion with pleural fluid tracking along the right minor fissure .,,,,,,,,,,,1,,,
small right pleural effusion with probable adjacent atelectasis .,,,,,,,,,-1,,1,,,
small right pleural effusion with superimposed atelectasis versus consolidation .,,,,,,,-1,,-1,,1,,,
small right pneumothorax .,,,,,,,,,,1,,,,
small right pneumothorax present .,,,,,,,,,,1,,,,
small sclerotic focus projecting over the right humeral head .,1,,,,,,,,,,,,,
small surgical clips project over the inferior neck .,1,,,,,,,,,,,,,
small surgical clips project over the medial right hemidiaphragm .,1,,,,,,,,,,,,,
small to moderate left pleural effusion .,,,,,,,,,,,1,,,
small to moderate right apical pneumothorax .,,,,,,,,,,1,,,,
small to moderate right pleural effusion .,,,,,,,,,,,1,,,
small triangular lucency projecting over the lateral right lung base may represent a small focus of pleural gas .,1,,,,,,,,,,,,,
small volume of soft tissue emphysema in the lateral right chest wall .,,,,,,,,,,,,,,
small volume pneumomediastinum .,,,,,,,,,,,,,,
small volumes noted with possible basilar atelectasis .,,,,,,,,,-1,,,,,
small-moderate left pleural effusion .,,,,,,,,,,,1,,,
small-moderate right apical pneumothorax .,,,,,,,,,,1,,,,
small-moderate right pleural effusion .,,,,,,,,,,,1,,,
soft tissue emphysema .,,,,,,,,,,,,,,
soft tissue emphysema in the bilateral chest wall .,,,,,,,,,,,,,,
soft tissue emphysema in the lateral right chest wall .,,,,,,,,,,,,,,
soft tissue emphysema in the left chest wall .,,,,,,,,,,,,,,
soft tissue emphysema in the left chest wall and inferior left neck .,,,,,,,,,,,,,,
soft tissue emphysema in the right chest wall .,,,,,,,,,,,,,,
soft tissue emphysema of the right chest wall .,,,,,,,,,,,,,,
soft tissue emphysema throughout the right chest wall .,,,,,,,,,,,,,,
soft tissue emphysema throughout the right chest wall and inferior neck .,,,,,,,,,,,,,,
soft tissue emphysema within the right chest wall .,,,,,,,,,,,,,,
soft tissue emphysema within the right chest wall adjacent to the chest tube .,,,,,,,,,,,,,,1
soft tissue overlies the lower hemithoraces .,1,,,,,,,,,,,,,
soft tissue overlies the lower hemithorax .,1,,,,,,,,,,,,,
soft tissue overlies the lower lungs .,1,,,,,,,,,,,,,
soft tissue overlies the right costophrenic angle .,1,,,,,,,,,,,,,
soft tissues overlie the lower lungs .,1,,,,,,,,,,,,,
some is located within interlobar fissures .,,,,,,,,,,,,,,
some trace left pleural effusion .,,,,,,,,,,,1,,,
sparse adjacent subsegmental atelectasis or scarring .,,,,,-1,,,,1,,,,,
status post coronary artery bypass grafting .,1,,,,,,,,,,,,,
status post fixation of the right humerus .,1,,,,,,,,,,,,,
status post left clavicular fixation .,1,,,,,,,,,,,,,
status post left shoulder arthroplasty .,1,,,,,,,,,,,,,1
status post midline sternotomy .,1,,,,,,,,,,,,,
stent grafts project over the upper abdomen .,1,,,,,,,,,,,,,
stent is likely present in left coronary artery .,1,,,,,,,,,,,,,
stent is present in right brachiocephalic vein .,1,,,,,,,,,,,,,
stent is present in the sub glottic trachea .,1,,,,,,,,,,,,,
stent material projects over the expected location of the ascending thoracic aorta .,1,,,,,,,,,,,,,
stent projects over the subglottic trachea .,1,,,,,,,,,,,,,
sternal fixation hardware .,1,,,,,,,,,,,,,1
sternal fixation hardware and overlying skin staple line .,1,,,,,,,,,,,,,1
sternal fixation hardware is present .,1,,,,,,,,,,,,,1
sternal plating hardware .,1,,,,,,,,,,,,,1
sternal wires are faintly visible .,1,,,,,,,,,,,,,
sternal wires are intact .,1,,,,,,,,,,,,,
sternal wires are present .,1,,,,,,,,,,,,,
"sternotomy wires , thoracic spinal fixation hardware and multiple mediastinal surgical clips .",1,,,,,,,,,,,,,1
sternotomy wires .,1,,,,,,,,,,,,,
sternotomy wires and mediastinal surgical clips are present .,1,,,,,,,,,,,,,
sternotomy wires and small mediastinal surgical clips are present .,1,,,,,,,,,,,,,
"sternotomy wires are present , some fractured .",,,,,,,,,,,,,1,
"sternotomy wires are present , the superior most are fractured .",,,,,,,,,,,,,1,
sternotomy wires are present .,1,,,,,,,,,,,,,
streaky opacities project over the bilateral infrahilar regions .,,,,,1,,,,,,,,,
subacute versus chronic fracture of the posterolateral left lower rib .,,,,,,,,,,,,,1,
subcentimeter nodule versus calcification at the right lung apex .,,,,-1,,,,,,,,,,
subcostal fat accumulation is present in the lateral and apical hemithoraces .,1,,,,,,,,,,,,,
subcutaneous emphysema .,,,,,,,,,,,,,,
subcutaneous emphysema in soft tissues of the right lateral chest wall .,,,,,,,,,,,,,,
subcutaneous emphysema in soft tissues of the right lower neck .,,,,,,,,,,,,,,
subcutaneous emphysema in the right lateral chest wall .,,,,,,,,,,,,,,
subcutaneous emphysema is present .,,,,,,,,,,,,,,
subcutaneous emphysema is present in the left lateral chest wall .,,,,,,,,,,,,,,
subcutaneous emphysema is present in the left lateral chest wall and supraclavicular region .,,,,,,,,,,,,,,
subcutaneous emphysema is present in the right lateral chest wall .,,,,,,,,,,,,,,
subcutaneous emphysema may be present in the right supraclavicular region .,,,,,,,,,,,,,,
subcutaneous emphysema noted .,,,,,,,,,,,,,,
subcutaneous emphysema noted on the right chest and neck .,,,,,,,,,,,,,,
subcutaneous emphysema seen along the left chest .,,,,,,,,,,,,,,
subcutaneous emphysema without definite pneumothorax .,,,,,,,,,,0,,,,
subdiaphragmatic lucency on the left is concerning for pneumoperitoneum .,,,,,,,,,,,,,,
suboptimal penetration .,1,,,,,,,,,,,,,
"suboptimal positioning , scapulae overlie the lungs .",1,,,,,,,,,,,,,
"subpleural reticular abnormality versus septal lines , the differential diagnosis includes pulmonary edema , less likely interstitial lung disease .",,,,,1,1,,,,,,,,-1
"subsegmental and segmental opacities are present in the lower lungs , consistent with atelectatic lung .",,,,,1,,,,1,,,,,
"subsegmental and segmental opacity is present in the left lower lung , consistent with atelectatic and / or consolidated lung .",,,,,1,,1,,-1,,,,,
subsegmental atelectasis are present in the lower lungs .,,,,,,,,,1,,,,,
subsegmental atelectasis are present in the perihilar lungs .,,,,,,,,,1,,,,,
subsegmental atelectasis in the mid left lung .,,,,,,,,,1,,,,,
subsegmental atelectasis in the mid right lung .,,,,,,,,,1,,,,,
subsegmental atelectasis in the right lung .,,,,,,,,,1,,,,,
subsegmental atelectasis is present in the adjacent right lower lung .,,,,,,,,,1,,,,,
subsegmental atelectasis is present in the left lower lobe and right lower lung .,,,,,,,,,1,,,,,
subsegmental atelectasis is present in the left lower lung .,,,,,,,,,1,,,,,
subsegmental atelectasis is present in the lower lungs .,,,,,,,,,1,,,,,
subsegmental atelectasis is present in the right lower lung .,,,,,,,,,1,,,,,
subsegmental atelectasis is present within the medial lung bases .,,,,,,,,,1,,,,,
subsegmental atelectasis is questionably present in the left-mid lung .,,,,,,,,,1,,,,,
subsegmental atelectasis or parenchymal scarring is present in the right upper lobe .,,,,,-1,,,,-1,,,,,
subsegmental atelectasis versus airway wall thickening in the medial right lung base .,,,,,-1,,,,-1,,,,,
subsegmental opacities are present in the upper lobes and left lower lung consistent with areas of atelectasis or scarring .,,,,,1,,,,-1,,,,,
subsegmental opacities are questionably present in retrocardiac left lower lobe .,,,,,1,,,,,,,,,
subsegmental opacities in the left lower lung are consistent with atelectasis or consolidation .,,,,,1,,-1,,-1,,,,,
"subsegmental opacity , consistent with atelectatic or consolidated lung , is present in the peripheral and lower left lung .",,,,,1,,-1,,-1,,,,,
subsegmental opacity in left lower lobe is consistent with atelectasis .,,,,,1,,,,1,,,,,
subsegmental opacity in the left lower lobe is consistent with atelectasis .,,,,,1,,,,1,,,,,
subsegmental opacity in the right lower lung is consistent with atelectasis .,,,,,1,,,,1,,,,,
subsegmental opacity in the superior segment of left lower lobe is consistent with atelectasis .,,,,,1,,,,1,,,,,
subsegmental opacity in the superior segment of right lower lobe is consistent with atelectasis .,,,,,1,,,,1,,,,,
"subsegmental opacity is questionably present in left upper lobe , consistent with consolidation .",,,,,1,,1,,,,,,,
"subsegmental parenchymal scarring and , likely , cavitation is present in the right lung apex .",,,,,1,,,,,,,,,
subsegmental-size opacity is present within the retrocardiac left lung base which may represent atelectasis or consolidation .,,,,,1,,-1,,-1,,,,,
"subsegmental-size parenchymal opacities in the lung bases may represent atelectasis , though consolidation can also have this appearance .",,,,,1,,1,,-1,,,,,
subsegmental-size parenchymal opacities project over the right lung base .,,,,,1,,,,,,,,,
subsegmental-sized left basilar parenchymal opacity .,,,,,1,,,,,,,,,
"subsegmental-sized opacities , consistent with atelectatic lung , are present in the perihilar regions and lower lobes .",,,,,1,,,,1,,,,,
subsegmental-sized opacities are likely present in the right lower lobe as well .,,,,,1,,,,,,,,,
subsegmental-sized opacities are present in the bilateral infrahilar lungs .,,,,,1,,,,,,,,,
"subsegmental-sized opacities are present in the left lower lung , likely atelectasis .",,,,,1,,,,1,,,,,
"subsegmental-sized opacities are present in the left perihilar lung , consistent with atelectasis .",,,,,1,,,,1,,,,,
"subsegmental-sized opacities are present in the lower lungs and right upper lobe , consistent with foci of atelectatic or scarred lung or consolidated lung .",,,,,1,,1,,-1,,,,,
subsegmental-sized opacities are present in the lower lungs consistent with atelectasis .,,,,,1,,,,1,,,,,
"subsegmental-sized opacities are present in the right lower lung , likely subsegmental atelectasis .",,,,,1,,,,1,,,,,
subsegmental-sized opacities in the bilateral infrahilar regions may represent atelectasis or aspiration .,,,,,1,,,,-1,,,,,
"subsegmental-sized opacities in the infrahilar lungs bilaterally may represent areas of atelectasis , aspiration or consolidation .",,,,,1,,-1,,-1,,,,,
subsegmental-sized opacities in the left infrahilar lung are consistent with atelectasis or parenchymal scarring .,,,,,1,,,,-1,,,,,
subsegmental-sized opacities in the left lower lung are likely atelectasis .,,,,,1,,,,1,,,,,
subsegmental-sized opacities in the left lung base .,,,,,1,,,,,,,,,
subsegmental-sized opacities in the left lung base likely represent areas of atelectasis .,,,,,1,,,,1,,,,,
subsegmental-sized opacities in the left lung base likely represent subsegmental atelectasis .,,,,,1,,,,1,,,,,
subsegmental-sized opacities in the left lung base may represent areas of consolidation or atelectasis .,,,,,1,,-1,,-1,,,,,
subsegmental-sized opacities in the left upper lobe and right parahilar region are consistent with atelectatic or consolidated lung .,,,,,1,,-1,,-1,,,,,
subsegmental-sized opacities in the lower lungs are consistent with atelectasis .,,,,,1,,,,1,,,,,
subsegmental-sized opacities in the lower lungs are consistent with atelectatic lung .,,,,,1,,,,1,,,,,
subsegmental-sized opacities in the lung bases likely represent areas of subsegmental atelectasis .,,,,,1,,,,1,,,,,
subsegmental-sized opacities in the right upper lobe consistent with areas of consolidated and / or atelectatic lung .,,,,,1,,-1,,-1,,,,,
subsegmental-sized opacities in the right upper lobe consistent with parenchymal scarring .,,,,,1,,,,,,,,,
subsegmental-sized opacity in the adjacent lung is consistent with atelectasis .,,,,,1,,,,1,,,,,
"subsegmental-sized opacity in the lateral left lung base may represent a region of consolidation , aspiration , or atelectasis .",,,,,1,,-1,,-1,,,,,
subsegmental-sized opacity in the left lower lung is consistent with atelectasis .,,,,,1,,,,1,,,,,
subsegmental-sized opacity in the medial right lung base may represent a small focus of atelectasis or consolidation .,,,,,1,,-1,,-1,,,,,
subsegmental-sized opacity in the retrocardiac left lower lobe is consistent with atelectasis .,,,,,1,,,,1,,,,,
subsegmental-sized opacity in the right left perihilar lung is likely atelectasis .,,,,,1,,,,1,,,,,
subsegmental-sized opacity in the right lower lung is likely atelectasis .,,,,,1,,,,1,,,,,
"subsegmental-sized opacity in the right upper lobe is consistent with atelectatic or consolidated lung , or material in the lumens of airways .",,,,,1,,-1,,-1,,,,,
subsegmental-sized opacity is questionably present in retrocardiac left lower lobe .,,,,,1,,,,,,,,,
subsegmental-sized opacity projects over the right upper-mid lung .,,,,,1,,,,,,,,,
subsegmental-sized parenchymal opacities in the bilateral infrahilar lungs likely represent areas of atelectasis .,,,,,1,,,,1,,,,,
subsegmental-sized retrocardiac parenchymal opacity may represent atelectasis or aspiration .,,,,,1,,,,-1,,,,,
substantial blurring from patient respiration is present .,1,,,,,,,,,,,,,
substantial dilatation of the pulmonary arteries is present .,1,,,,,,,,,,,,,
substantial opacity in the basal left hemithorax is likely a combination of lung consolidation and pleural fluid .,,,,,1,,1,,,,1,,,
substantial right lower lobe atelectasis is present .,,,,,,,,,1,,,,,
subtle basilar opacities likely secondary to overlying soft tissue .,,,,,1,,,,,,,,,
subtle ground-glass opacities in the right lung .,,,,,1,,,,,,,,,
subtle ground-glass opacity in the medial right lung base .,,,,,1,,,,,,,,,
subtle hazy bilateral bibasilar opacities .,,,,,1,,,,,,,,,
subtle opacity at the left lung base .,,,,,1,,,,,,,,,
subtle patchy ground-glass abnormality in the right upper lobe .,1,,,,,,,,,,,,,
subtle patchy right mid lung zone opacity .,,,,,1,,,,,,,,,
superimposed effusion and / or consolidation not excluded .,,,,,,,-1,,,,-1,,,
superimposed ground-glass opacities are present in the left lung .,,,,,1,,,,,,,,,
superimposed infection not excluded .,,,,,,,,-1,,,,,,
superior mediastinal contour within normal limits for portable technique .,1,0,,,,,,,,,,,,
superior mediastinal contours within normal limits .,1,0,,,,,,,,,,,,
superior mediastinal widening .,1,,,,,,,,,,,,,
superior mediastinal widening may be secondary to lymphadenopathy versus enlarged azygous vein .,1,,,,,,,,,,,,,
support apparatus .,1,,,,,,,,,,,,,1
support apparatus acceptable .,1,,,,,,,,,,,,,1
support apparatus acceptably positioned .,1,,,,,,,,,,,,,1
support apparatus adequately positioned .,1,,,,,,,,,,,,,1
support apparatus appropriately position .,1,,,,,,,,,,,,,1
support apparatus appropriately positioned .,1,,,,,,,,,,,,,1
support apparatus is present .,1,,,,,,,,,,,,,1
support apparatus is well positioned .,1,,,,,,,,,,,,,1
support apparatus present .,1,,,,,,,,,,,,,1
support devices .,1,,,,,,,,,,,,,1
support devices are adequately positioned .,1,,,,,,,,,,,,,1
support devices are present .,1,,,,,,,,,,,,,1
support devices in satisfactory position .,1,,,,,,,,,,,,,1
support lines and tubes are adequately positioned .,1,,,,,,,,,,,,,1
surgical anchors are present in right humeral head .,1,,,,,,,,,,,,,
surgical clip is present in the right perihilar region .,1,,,,,,,,,,,,,
surgical clip overlies the right hemithorax .,1,,,,,,,,,,,,,
surgical clip projects over the lateral upper left hemithorax .,1,,,,,,,,,,,,,
surgical clip projects over the right upper hemithorax .,1,,,,,,,,,,,,,
surgical clips also project over the right inferior neck and apical right lung .,1,,,,,,,,,,,,,
surgical clips and medical devices project over the upper and lower mediastinum .,,1,,,,,,,,,,,,1
surgical clips are present about the gastric esophageal junction .,1,,,,,,,,,,,,,
surgical clips are present in several locations in the mediastinum .,,1,,,,,,,,,,,,
surgical clips are present in the basal right hemothorax .,1,,,,,,,,,,,,,
surgical clips are present in the left hemithorax .,1,,,,,,,,,,,,,
surgical clips are present in the left perihilar region and upper left hemithorax .,1,,,,,,,,,,,,,
surgical clips are present in the left upper quadrant of the abdomen and mid abdomen .,1,,,,,,,,,,,,,
surgical clips are present in the right cervical soft tissues .,1,,,,,,,,,,,,,
surgical clips are present in the right perihilar lung .,1,,,,,,,,,,,,,
surgical clips are present in the right supraclavicular region .,1,,,,,,,,,,,,,
surgical clips are present in the right upper quadrant of the abdomen .,1,,,,,,,,,,,,,
surgical clips are present in the upper left abdomen .,1,,,,,,,,,,,,,
surgical clips in the left upper quadrant .,1,,,,,,,,,,,,,
surgical clips in the right upper quadrant of the abdomen .,1,,,,,,,,,,,,,
surgical clips in the superior mediastinum .,,1,,,,,,,,,,,,
surgical clips in the upper abdomen .,1,,,,,,,,,,,,,
surgical clips near the gastroesophageal junction .,1,,,,,,,,,,,,,
surgical clips or artifact projects over the upper thoracic spine .,1,,,,,,,,,,,,,
surgical clips or other material project over the apical left hemithorax .,1,,,,,,,,,,,,,
surgical clips overlie the left hilum .,1,,,,,,,,,,,,,
surgical clips overlie the left neck .,1,,,,,,,,,,,,,
surgical clips overlie the lower neck .,1,,,,,,,,,,,,,
surgical clips overlie the superior mediastinum .,,1,,,,,,,,,,,,
surgical clips project over the basilar right hemithorax .,1,,,,,,,,,,,,,
surgical clips project over the inferior left neck .,1,,,,,,,,,,,,,
surgical clips project over the inferior neck .,1,,,,,,,,,,,,,
surgical clips project over the inferior right neck .,1,,,,,,,,,,,,,
surgical clips project over the left apex .,1,,,,,,,,,,,,,
surgical clips project over the left chest wall .,1,,,,,,,,,,,,,
surgical clips project over the left heart border .,1,,,,,,,,,,,,,
surgical clips project over the left infrahilar region .,1,,,,,,,,,,,,,
surgical clips project over the left upper lung .,1,,,,,,,,,,,,,
surgical clips project over the lower neck .,1,,,,,,,,,,,,,
surgical clips project over the mediastinum .,,1,,,,,,,,,,,,
surgical clips project over the mid left hemithorax .,1,,,,,,,,,,,,,
surgical clips project over the right axilla and upper abdomen .,1,,,,,,,,,,,,,
surgical clips project over the right hemithorax .,1,,,,,,,,,,,,,
surgical clips project over the right hilum .,1,,,,,,,,,,,,,
surgical clips project over the right lower lung .,1,,,,,,,,,,,,,
surgical clips project over the right mid hemithorax .,1,,,,,,,,,,,,,
surgical clips project over the superior mediastinum .,,1,,,,,,,,,,,,
surgical clips project over the upper abdomen .,1,,,,,,,,,,,,,
surgical clips project over the upper-mid mediastinum .,,1,,,,,,,,,,,,
surgical clips projects over the apical right hemithorax .,1,,,,,,,,,,,,,
surgical clips projects over the right superior mediastinal silhouette .,,1,,,,,,,,,,,,
surgical clips projects over the right upper abdomen .,1,,,,,,,,,,,,,
surgical clips versus calcifications in the region of the right hilum .,,,,,,,,,,,,,,
surgical deformity involves the posterior arch of the right fourth rib .,,,,,,,,,,,,,,
surgical material projects over the left cardiac border .,1,,,,,,,,,,,,,
surgical skin staples overlie the left lateral chest wall .,1,,,,,,,,,,,,,
surgical skin staples overlie the upper abdomen .,1,,,,,,,,,,,,,
surgical skin staples overlie the upper midline chest .,1,,,,,,,,,,,,,
surgical skin staples project over the left chest wall .,1,,,,,,,,,,,,,
surgical skin staples project over the upper abdomen .,1,,,,,,,,,,,,,
surgical staples are present in right upper lobe .,1,,,,,,,,,,,,,
surgical staples are present in the right upper lobe .,1,,,,,,,,,,,,,
suture anchors are present in left humeral head .,1,,,,,,,,,,,,,
suture anchors are present within the right glenoid .,1,,,,,,,,,,,,,
suture anchors present within the right humeral head .,1,,,,,,,,,,,,,
suture material at the right lung apex .,1,,,,,,,,,,,,,
suture material projects over the right upper lung .,1,,,,,,,,,,,,,
swan-ganz catheter is in the main pulmonary artery .,1,,,,,,,,,,,,,1
swan-ganz catheter tubes in the main pulmonary artery .,1,,,,,,,,,,,,,1
temperature monitoring probe is in the cervical esophagus .,1,,,,,,,,,,,,,
temperature monitoring probe is in the lower esophagus and terminates just below the ge junction .,1,,,,,,,,,,,,,
temporary pacemaker lead is coiled in right atrium and likely terminates in right ventricle .,1,,,,,,,,,,,,,1
the aorta is tortuous and ecstatic .,1,,,,,,,,,,,,,
the aorta is tortuous and ectatic .,1,,,,,,,,,,,,,
the aorta is tortuous and there is atherosclerotic calcifications .,,,,,,,,,,,,,,
the aortic knob appears enlarged .,1,,,,,,,,,,,,,
the ascending aorta may be mildly enlarged .,1,,,,,,,,,,,,,
the ascending aorta may be slightly dilated .,1,,,,,,,,,,,,,
the ascending thoracic aorta is mildly enlarged versus tortuous .,1,,,,,,,,,,,,,
the cardiac and mediastinal contours are normal .,1,0,,,,,,,,,,,,
"the cardiac silhouette is mildly enlarged , in particular at the cardiac apex .",,,1,,,,,,,,,,,
the cardiomediastinal silhouette is largely obscured .,,-1,,,,,,,,,,,,
the cardiomediastinal silhouette is normal .,1,0,,,,,,,,,,,,
the central venous catheter is in the middle third of svc .,1,,,,,,,,,,,,,1
the central venous catheter is in the upper third of svc .,1,,,,,,,,,,,,,1
the central venous catheter is properly positioned .,1,,,,,,,,,,,,,1
the central venous catheter terminates in the inferior right atrium .,1,,,,,,,,,,,,,1
the central venous catheter terminates in the lower third of svc .,1,,,,,,,,,,,,,1
the central venous catheter terminates in the middle third of svc .,1,,,,,,,,,,,,,1
the central venous catheter terminates in the upper third of svc .,1,,,,,,,,,,,,,1
the central venous catheter tip is likely in azygos vein .,1,,,,,,,,,,,,,1
the drainage catheter is present in the basal left pleural space .,1,,,,,,,,,,,,,1
the endotracheal tube and left subclavian vein catheter are properly positioned .,1,,,,,,,,,,,,,1
the endotracheal tube and right ij approach pulmonary artery catheter are in satisfactory position .,1,,,,,,,,,,,,,1
the endotracheal tube and right subclavian vein catheter are properly positioned .,1,,,,,,,,,,,,,1
endotracheal tube and right internal jugular and left picc in satisfactory position,1,,,,,,,,,,,,,1
the endotracheal tube is adequately positioned .,1,,,,,,,,,,,,,1
the endotracheal tube is in adequate position .,1,,,,,,,,,,,,,1
the endotracheal tube is properly positioned .,1,,,,,,,,,,,,,1
the esophageal stent spans upper-lower mediastinum .,,1,,,,,,,,,,,,
the esophagus is possibly distended with air at the level of aortic arch .,1,,,,,,,,,,,,,
the feeding tube is in at least the stomach .,1,,,,,,,,,,,,,1
the feeding tube is in the stomach .,1,,,,,,,,,,,,,1
the feeding tube is present .,1,,,,,,,,,,,,,1
the feeding tube traverses the esophagus to the stomach .,1,,,,,,,,,,,,,1
the gastric tube courses below the diaphragm and beyond the field of view .,1,,,,,,,,,,,,,1
the gastric tube likely terminates in the esophagus just above the hernia .,,,,,,,,,,,,,,1
the heart and mediastinum are normal contour .,1,0,0,,,,,,,,,,,
the heart and pulmonary vasculature are normal .,1,,0,,,,,,,,,,,
the heart and pulmonary vessels are normal .,1,,0,,,,,,,,,,,
the heart is at the upper limits of normal in size .,1,,0,,,,,,,,,,,
the heart is at the upper limits of normal size .,,,1,,,,,,,,,,,
the heart is enlarged .,,,1,,,,,,,,,,,
the heart is likely normal in size .,1,,0,,,,,,,,,,,
the heart is mildly enlarged .,,,1,,,,,,,,,,,
the heart is normal in size .,1,,0,,,,,,,,,,,
the heart is normal in size or slightly enlarged .,1,,0,,,,,,,,,,,
the heart is normal size .,1,,0,,,,,,,,,,,
the heart is normal size for pulmonary vascular is normal .,1,,0,,,,,,,,,,,
the heart is questionably slightly enlarged in size .,,,1,,,,,,,,,,,
the heart is top normal size .,1,,0,,,,,,,,,,,
the heart is upper limits of normal .,,,1,,,,,,,,,,,
the heart is upper limits of normal in size .,,,1,,,,,,,,,,,
the heart is upper limits of normal size .,,,1,,,,,,,,,,,
the heart is within normal limits .,1,,0,,,,,,,,,,,
the heart may be mildly enlarged .,,,1,,,,,,,,,,,
the heart pulmonary vessels are normal .,1,,0,,,,,,,,,,,
the left costophrenic angle is not included within the field of view .,1,,,,,,,,,,,,,
the left subclavian vein catheter is in left brachiocephalic vein .,1,,,,,,,,,,,,,1
the left subclavian vein catheter terminates in upper third of svc .,1,,,,,,,,,,,,,1
the lung bases are not completely included within the field of view .,1,,,,,,,,,,,,,
the lungs are clear .,1,,,,,,,,,,,,,
the lungs are hyperinflated but clear .,1,,,,,,,,,,,,,
the lungs are hyperinflated likely due to emphysema .,,,,,,,,,,,,,,
the lungs are hyperinflated with architectural distortion compatible with emphysema .,,,,,,,,,,,,,,
the lungs are hyperinflated with architectural distortion likely representing emphysema .,,,,,,,,,,,,,,
the lungs are hyperinflated with architectural distortion suggesting emphysema .,,,,,,,,,,,,,,
the lungs are hyperinflated with upper lung lucency suggesting emphysema .,,,,,,,,,,,,,,
the lungs are otherwise clear .,1,,,,,,,,,,,,,
the lungs are slightly overinflated .,1,,,,,,,,,,,,,
the mediastinal contours and the heart size are within normal limits .,1,0,0,,,,,,,,,,,
the nasogastric tube is below the diaphragm .,1,,,,,,,,,,,,,1
the ng tube is below the diaphragm .,1,,,,,,,,,,,,,1
the ng tube is in the stomach .,1,,,,,,,,,,,,,1
the ng tube is not well visualized .,1,,,,,,,,,,,,,-1
the osseous catheter tip is in the right atrium .,1,,,,,,,,,,,,,1
the osseous structures are normal .,1,,,,,,,,,,,,,
the pacemaker lead is located in right ventricle .,1,,,,,,,,,,,,,1
the positions of the leads are not visible .,1,,,,,,,,,,,,,
the process involves the lateral portion of right minor fissure .,,,,,,,,,,,,,,
the pulmonary artery catheter is properly positioned .,1,,,,,,,,,,,,,1
the pulmonary vessels are normal in caliber .,1,,,,,,,,,,,,,
the pulmonary vessels in the left lung are normal in caliber .,1,,,,,,,,,,,,,
the right ij catheter is at the cavoatrial junction .,1,,,,,,,,,,,,,1
the right ij catheter is in the main the svc .,1,,,,,,,,,,,,,1
the right internal jugular vein catheter terminates in the upper third of acc .,1,,,,,,,,,,,,,1
the right jugular vein catheter is in the svc .,1,,,,,,,,,,,,,1
the right jugular vein catheter is in the upper third of svc .,1,,,,,,,,,,,,,1
the right jugular vein catheter is present .,1,,,,,,,,,,,,,1
the right jugular vein catheter is properly positioned .,1,,,,,,,,,,,,,1
the right jugular vein catheter terminates at the superior cavoatrial junction .,1,,,,,,,,,,,,,1
the right jugular vein catheter terminates in middle third of svc .,1,,,,,,,,,,,,,1
the right jugular vein catheter terminates in the lower third of svc .,1,,,,,,,,,,,,,1
the right jugular vein catheter terminates in the middle third of svc .,1,,,,,,,,,,,,,1
the right jugular vein catheter terminates in the superior cavoatrial junction .,1,,,,,,,,,,,,,1
the right jugular vein catheter terminates in the upper svc .,1,,,,,,,,,,,,,1
the right jugular vein catheter terminates in upper third of svc .,1,,,,,,,,,,,,,1
the right jugular vein catheter terminates minimally below the superior cavoatrial junction .,1,,,,,,,,,,,,,1
the right lung is atelectatic .,,,,,,,,,1,,,,,
the right lung is clear .,1,,,,,,,,,,,,,
the right picc is deviated into right internal jugular vein .,1,,,,,,,,,,,,,1
the right picc is properly positioned .,1,,,,,,,,,,,,,1
the right picc terminates in right atrium .,1,,,,,,,,,,,,,1
the right picc terminates in svc .,1,,,,,,,,,,,,,1
the right picc terminates in the lower third of svc .,1,,,,,,,,,,,,,1
the right subclavian vein catheter is properly positioned .,1,,,,,,,,,,,,,1
the right subclavian vein catheter terminates in the upper third of the svc .,1,,,,,,,,,,,,,1
the right subclavian vein catheter terminates just before the junction of the brachiocephalic veins .,1,,,,,,,,,,,,,1
the sternal fixation devices are present .,1,,,,,,,,,,,,,1
the sternal fixation is intact .,1,,,,,,,,,,,,,
the sternal wires are intact .,1,,,,,,,,,,,,,
the sternal wires are present .,1,,,,,,,,,,,,,
the thoracic aorta is ectatic .,1,,,,,,,,,,,,,
the tip is in the lower third of svc or at the cavoatrial junction .,1,,,,,,,,,,,,,
the tip is not imaged .,1,,,,,,,,,,,,,
the tip is not visible .,1,,,,,,,,,,,,,
the tip of the feeding tube is below the diaphragm .,1,,,,,,,,,,,,,1
the tip of the gastric tube is just above the gastroesophageal junction .,1,,,,,,,,,,,,,1
the tip of the ng tube is in the stomach .,1,,,,,,,,,,,,,1
the tip of the ng tube is not well visualized .,1,,,,,,,,,,,,,1
the tip of the other lead is not visible .,1,,,,,,,,,,,,,
the trachea is narrowed .,1,,,,,,,,,,,,,
the tracheal tube and left jugular vein catheter are properly positioned .,1,,,,,,,,,,,,,1
the tracheostomy tube is properly positioned .,,,,,,,,,,,,,,1
there appears to be two gastric tubes .,1,,,,,,,,,,,,,1
"there are a few bilateral hazy parenchymal opacities , may represent ground-glass opacity or atelectasis .",,,,,1,,,,-1,,,,,
there are a few calcified nodules compatible with old granulomatous disease .,,,,,,,,,,,,,,
there are a few calcified pulmonary nodules compatible with old granulomatous disease .,,,,1,,,,,,,,,,
there are a few foci of peribronchial thickening in the lung bases .,,,,,1,,,,,,,,,
there are a few healed rib fractures .,,,,,,,,,,,,,1,
there are a few irregular opacities projecting over the mid lungs bilaterally which may represent parenchymal scarring or pleural scarring .,,,,,1,,,,,,,-1,,
there are a few linear opacities in the mid lungs compatible with areas of subsegmental atelectasis .,,,,,1,,,,1,,,,,
there are a few nodular opacities in the left lung base .,,,,1,1,,,,,,,,,
there are a few perihilar streaky opacities which may represent foci of atelectasis or edema .,,,,,1,-1,,,-1,,,,,
there are a few possible scattered nodular opacities in the right upper lungs .,,,,-1,-1,,,,,,,,,
there are a few punctate nodular opacities projecting over the bilateral upper lungs .,,,,1,1,,,,,,,,,
there are a few rounded lucencies projecting over the upper left lung which may represent bullae or areas of pleural gas .,,,,,,,,,,,,,,
there are a few scattered thickened septal lines compatible with mild interstitial pulmonary edema .,,,,,,1,,,,,,,,1
there are a few sclerotic lesions within the right humerus .,1,,,,,,,,,,,,,
there are a few small calcified pulmonary nodules .,,,,1,,,,,,,,,,
"there are a few small nodular opacities projecting over the bilateral lungs , likely representing calcified granulomas .",,,,1,1,,,,,,,,,
there are a few small pulmonary nodules which are likely calcified in the right lung .,,,,1,,,,,,,,,,
there are a few sparse peripheral linear opacities which may represent areas of subsegmental atelectasis and / or scarring .,,,,,1,,,,-1,,,,,
there are peripheral linear opacities which may represent areas of subsegmental atelectasis and / or scarring,,,,,1,,,,-1,,,,,
there are a few subsegmental-sized opacities in the right lung which may represent areas of ground-glass opacity or atelectasis .,,,,,1,,,,-1,,,,,
there are acute fractures of the left third and probably fourth rib .,,,,,,,,,,,,,1,
there are additional surgical clips in the adjacent region .,1,,,,,,,,,,,,,
there are air / fluid levels suggesting loculated hydropneumothorax .,,,,,,,,,,1,,,,
there are at least two displaced acute fractures of the left ribs .,,,,,,,,,,,,,1,
there are bibasilar opacities which likely representing atelectasis .,,,,,1,,,,1,,,,,
there are bibasilar opacities which may represent atelectasis or consolidation .,,,,,1,,-1,,-1,,,,,
there are bilateral chest tubes .,1,,,,,,,,,,,,,1
there are bilateral layering pleural effusions .,,,,,,,,,,,1,,,
there are bilateral moderate pleural effusions and basilar atelectasis .,,,,,,,,,1,,1,,,
there are bilateral pleural effusions .,,,,,,,,,,,1,,,
there are bilateral pleural effusions and basilar atelectasis versus consolidation .,,,,,,,-1,,-1,,1,,,
there are bilateral pleural effusions and likely atelectasis versus consolidation .,,,,,,,-1,,-1,,1,,,
there are bilateral pleural effusions and likely basilar atelectasis or consolidation .,,,,,,,-1,,-1,,1,,,
there are bilateral pulmonary nodules with possible superimposed consolidation in the right upper lobe versus confluence of nodules .,,,,1,,,-1,,,,,,,
there are bilateral small pleural effusions and basilar atelectasis .,,,,,,,,,1,,1,,,
there are calcifications projecting over each shoulder likely representing heterotopic bone formation .,,,,,,,,,,,,,,
there are diffuse bilateral ground-glass opacities which could represent pulmonary edema .,,,,,1,-1,,,,,,,,
there are diffuse ground-glass opacities which may represent pulmonary edema .,,,,,1,-1,,,,,,,,
there are diffuse reticular and ground-glass opacities which may represent pulmonary edema .,,,,,1,-1,,,,,,,,
"there are diffuse reticular opacities , compatible with pulmonary edema .",,,,,1,1,,,,,,,,
there are diffuse reticular opacities likely representing pulmonary edema .,,,,,1,1,,,,,,,,
there are diffuse reticular opacities that may represent cysts .,,,,,1,,,,,,,,,
there are diffuse reticular opacities which may represent edema and / or interstitial lung disease .,,,,,1,-1,,,,,,,,
there are diffuse reticular opacities which may represent pulmonary edema .,,,,,1,-1,,,,,,,,
there are enlarged bilateral hila .,1,,,,,,,,,,,,,
there are enlarged hila .,1,,,,,,,,,,,,,
there are fractures of the left fourth and sixth lateral ribs which are likely acute .,,,,,,,,,,,,,1,
there are ground-glass and reticular opacities likely represents pulmonary edema .,,,,,1,1,,,,,,,,
there are ground-glass opacities at the lung bases which could represent aspiration .,,,,,1,,,,,,,,,
there are ground-glass opacities which are likely within the right lower lobe .,,,,,1,,,,,,,,,
there are hazy bibasilar opacities which could represent atelectasis or consolidation .,,,,,1,,-1,,-1,,,,,
there are hazy opacities in the left lung which may be due to overlying soft tissue .,,,,,1,,,,,,,,,
there are hazy opacities in the right lung and to a lesser extent in the left lung .,,,,,1,,,,,,,,,
there are increased lung volumes with architectural distortion likely representing emphysema .,,,,,,,,,,,,,,
there are metallic densities overlying the right lower chest compatible with bird shot .,1,,,,,,,,,,,,,
there are mild bibasilar reticular ground-glass opacities .,,,,,1,,,,,,,,,
there are mild scattered areas of subsegmental atelectasis .,,,,,,,,,1,,,,,
there are multiple calcified nodules in the bilateral apices .,,,,,,,,,,,,,,
there are multiple right rib fractures which may be acute or chronic .,,,,,,,,,,,,,1,
there are no pleural effusions or pneumothorax .,1,,,,,,,,,0,0,,,
there are numerous pulmonary nodules .,,,,1,,,,,,,,,,
there are opacities at both lung bases which could represent atelectasis or consolidation .,,,,,1,,-1,,-1,,,,,
there are opacities at the lung bases which may represent atelectasis or consolidation .,,,,,1,,-1,,-1,,,,,
there are patchy areas of consolidation and peribronchial thickening .,,,,,1,,1,,,,,,,
there are patchy bibasilar opacities which could represent aspiration .,,,,,1,,,,,,,,,
there are patchy bibasilar opacities which could represent atelectasis or consolidation .,,,,,1,,-1,,-1,,,,,
there are perihilar opacities which could represent consolidation or asymmetric edema .,,,,,1,-1,-1,,,,,,,
there are post-surgical changes in the right lung apex .,1,,,,,,,,,,,,,
there are probable post-surgical changes in the right lung base .,1,,,,,,,,,,,,,
there are scattered areas of linear atelectasis or scarring .,,,,,-1,,,,-1,,,,,
there are scattered linear opacities which may represent atelectasis or scarring .,,,,,1,,,,-1,,,,,
there are small bilateral pleural effusions .,,,,,,,,,,,1,,,
there are small bilateral pleural effusions and basilar atelectasis .,,,,,,,,,1,,1,,,
there are small bilateral pleural effusions and bibasilar opacities which likely represent atelectasis .,,,,,1,,,,1,,1,,,
there are small bilateral pleural effusions and likely basilar atelectasis .,,,,,,,,,1,,1,,,
there are small bilateral pleural effusions versus pleural thickening .,,,,,,,,,,,-1,-1,,
there are small lung volumes and bibasilar atelectasis .,,,,,,,,,1,,,,,
there are small lung volumes with basilar atelectasis .,,,,,,,,,1,,,,,
there are small lung volumes with bibasilar atelectasis .,,,,,,,,,1,,,,,
there are small lung volumes with bibasilar atelectasis and left pleural effusion .,,,,,,,,,1,,1,,,
there are small lung volumes with likely basilar atelectasis .,,,,,,,,,1,,,,,
there are small lung volumes with mild basilar atelectasis .,,,,,,,,,1,,,,,
there are small lung volumes with perihilar opacities which may represent atelectasis or edema .,,,,,1,-1,,,-1,,,,,
there are small lung volumes with peripheral reticular opacities likely representing interstitial lung disease .,,,,,1,,,,,,,,,
there are small lung volumes with possible perihilar ground glass .,1,,,,,,,,,,,,,
there are small lung volumes with scattered areas of atelectasis .,,,,,,,,,1,,,,,
there are some patchy right pulmonary opacities which could represent consolidation .,,,,,1,,-1,,,,,,,
there are three left chest tubes .,1,,,,,,,,,,,,,1
there are trace bilateral pleural effusions .,,,,,,,,,,,1,,,
there are trace bilateral pleural effusions versus pleural thickening .,,,,,,,,,,,-1,-1,,
there are two adjacent nodules in the right lung and possibly a third at the right lung base .,,,,1,,,,,,,,,,
there are two apically oriented right chest tubes .,1,,,,,,,,,,,,,1
there are two right chest tubes .,1,,,,,,,,,,,,,1
there are two right sided chest tubes .,1,,,,,,,,,,,,,1
there are vascular stents in the brachiocephalic vein .,1,,,,,,,,,,,,,
there are vascular stents likely within the brachiocephalic veins .,1,,,,,,,,,,,,,
"there is a cardiac pacer / aicd with leads in the right atrium , right ventricle , and coronary sinus .",1,,,,,,,,,,,,,1
there is a cardiac pacer / aicd with leads in the right atrium and right ventricle .,1,,,,,,,,,,,,,1
"there is a cardiac pacer / aicd with leads in the right ventricle , right atrium , and coronary sinus .",1,,,,,,,,,,,,,1
"there is a cardiac pacer and aicd with leads in the right atrium , right ventricle , and coronary sinus .",1,,,,,,,,,,,,,1
"there is a cardiac pacer and aicd with leads in the right atrium , right ventricle and coronary sinus .",1,,,,,,,,,,,,,1
there is a cardiac pacer and aicd with leads in the right ventricle .,1,,,,,,,,,,,,,1
there is a cardiac pacer overlying the right chest and another pacer with wires in the left subclavian approach .,1,,,,,,,,,,,,,1
there is a cardiac pacer with intact leads in the right atrium and right ventricle .,1,,,,,,,,,,,,,1
there is a cardiac pacer with lead in the right ventricle .,1,,,,,,,,,,,,,1
"there is a cardiac pacer with leads in the right atrium , right ventricle and coronary sinus .",1,,,,,,,,,,,,,1
there is a cardiac pacer with leads in the right atrium and right ventricle .,1,,,,,,,,,,,,,1
there is a cardiac pacer with leads in the right atrium and right ventricle and right chest port with tip in the svc .,1,,,,,,,,,,,,,1
there is a cardiac pacer with leads in the right ventricle .,1,,,,,,,,,,,,,1
there is a cardiac pacer with the lead in the right atrium and two leads in the right ventricle .,1,,,,,,,,,,,,,1
there is a cardiac pacer with the lead in the right ventricle .,1,,,,,,,,,,,,,1
there is a cardiac pacer within the left side of the svc with tip in the right ventricle .,1,,,,,,,,,,,,,1
there is a catheter overlying the heart which likely represents a pericardial drain .,,,1,,,,,,,,,,,1
there is a cavitary nodule in the left mid lung .,,,,1,,,,,,,,,,
there is a complete opacification of the left hemithorax .,,,,,1,,,,,,,,,
there is a cystic or cavitary lesion in the right lung base .,,,,-1,,,,,,,,,,
there is a dialysis catheter at the cavoatrial junction .,1,,,,,,,,,,,,,1
there is a dialysis catheter with tip in the right atrium .,1,,,,,,,,,,,,,1
there is a feeding tube which is looped in the stomach and the tip is in the esophagus .,1,,,,,,,,,,,,,1
there is a feeding tube with tip within the duodenum .,1,,,,,,,,,,,,,1
there is a fracture of the lateral ninth left rib .,,,,,,,,,,,,,1,
there is a fracture of the left first posterior rib .,,,,,,,,,,,,,1,
there is a fracture of the left sixth posterior rib which may be chronic .,,,,,,,,,,,,,1,
there is a hypoglossal nerve stimulator with battery pack overlying the left chest .,1,,,,,,,,,,,,,
there is a large right hydropneumothorax .,,,,,,,,,,1,,,,
there is a left apically oriented chest tube .,1,,,,,,,,,,,,,1
there is a left apically oriented thoracostomy tube folded over the left lung apex .,1,,,,,,,,,,,,,1
there is a left basilar opacity which could represent atelectasis or consolidation .,,,,,1,,-1,,-1,,,,,
there is a left basilar opacity which may represent a combination of effusion and atelectasis or consolidation .,,,,,1,,-1,,-1,,-1,,,
there is a left cardiac pacer with tip in the right ventricle .,1,,,,,,,,,,,,,1
there is a left chest port with tip at the cavoatrial junction .,1,,,,,,,,,,,,,
there is a left chest tube .,1,,,,,,,,,,,,,1
there is a left chest tube and small basilar left pneumothorax .,,,,,,,,,,1,,,,1
there is a left chest tube projecting over the left mid hemithorax .,1,,,,,,,,,,,,,1
there is a left hilar mass .,,,,1,,,,,,,,,,
there is a left ij catheter which may be in a left sided svc .,1,,,,,,,,,,,,,1
there is a left lower lobe opacity likely representing atelectasis or consolidation .,,,,,1,,-1,,-1,,,,,
there is a left pectoral pleural catheter .,1,,,,,,,,,,,,,1
there is a left picc line with tip likely within the left side of the svc .,1,,,,,,,,,,,,,1
there is a left pigtail catheter .,1,,,,,,,,,,,,,1
there is a left pigtail pleural catheter .,1,,,,,,,,,,,,,1
there is a left pleural pigtail catheter .,1,,,,,,,,,,,,,1
there is a left pleural pigtail catheter at the lung base .,1,,,,,,,,,,,,,1
there is a left sided chest tube .,1,,,,,,,,,,,,,1
there is a left sided pneumothorax .,,,,,,,,,,1,,,,
there is a left sixth lateral rib lesion .,1,,,,,,,,,,,,,
there is a left upper lobe opacity which may represent consolidation or mass .,,,,-1,1,,-1,,,,,,,
there is a left ventricular assist device .,1,,,,,,,,,,,,,1
there is a left-sided chest tube .,1,,,,,,,,,,,,,1
there is a left-sided chest tube with tip at the apex .,1,,,,,,,,,,,,,1
there is a loculated effusion at the right lung apex .,,,,,,,,,,,1,,,
there is a moderate right hydropneumothorax .,,,,,,,,,,1,,,,
there is a moderate right pleural effusion and basilar atelectasis or consolidation .,,,,,,,-1,,-1,,1,,,
there is a moderate right pleural effusion and likely basilar atelectasis or consolidation .,,,,,,,-1,,-1,,1,,,
there is a moderate right pleural effusion and underlying atelectasis or consolidation .,,,,,,,-1,,-1,,1,,,
there is a moderate to large left pleural effusion and likely basilar atelectasis or consolidation .,,,,,,,-1,,1,,-1,,,
there is a moderate to large right pneumothorax with possible pleural fluid .,,,,,,,,,,1,-1,,,
there is a moderate-sized hiatal hernia .,,,,,,,,,,,,,,
there is a moderate-sized left pleural effusion and basilar atelectasis or consolidation .,,,,,,,-1,,-1,,1,,,
there is a moderate-sized left pleural effusion and basilar atelectasis versus consolidation .,,,,,,,-1,,-1,,1,,,
there is a nodular opacity in the left mid lung which could represent a nodule versus small area of consolidation .,,,,1,1,,-1,,,,,,,
there is a nodular opacity in the left upper lung .,,,,1,1,,,,,,,,,
there is a nodular opacity in the medial right lung base .,,,,1,1,,,,,,,,,
"there is a peripheral opacity in the left lung , may represent atelectasis or consolidation .",,,,,1,,-1,,-1,,,,,
there is a possible airway wall thickening throughout the right lung .,,,,,-1,,,,,,,,,
there is a possible nodule or small area of consolidation at the medial right lung base .,,,,-1,,,1,,,,,,,
there is a possible small nodule in the left upper lobe .,,,,-1,,,,,,,,,,
there is a right basilar atelectasis .,,,,,,,,,1,,,,,
there is a right chest port tip at the cavoatrial junction .,1,,,,,,,,,,,,,
there is a right chest port with tip in the svc .,1,,,,,,,,,,,,,
there is a right chest tube .,1,,,,,,,,,,,,,1
there is a right chest tube and endobronchial valves in the right upper lobe .,1,,,,,,,,,,,,,1
there is a right chest tube with tip near the mediastinum .,,1,,,,,,,,,,,,1
there is a right dialysis catheter with tip in the right atrium .,1,,,,,,,,,,,,,1
there is a right hilar mass .,,,,1,,,,,,,,,,
there is a right ij catheter with tip in the svc .,1,,,,,,,,,,,,,1
there is a right internal jugular catheter with tip in the svc .,1,,,,,,,,,,,,,1
there is a right lung ground-glass opacity and consolidation with possible small effusion .,,,,,1,,1,,,,-1,,,
there is a right midline with tip in the svc .,1,,,,,,,,,,,,,
there is a right moderate pleural effusion and likely basilar atelectasis .,,,,,,,,,1,,1,,,
there is a right picc line with tip in the svc .,1,,,,,,,,,,,,,1
there is a right pleural effusion .,,,,,,,,,,,1,,,
there is a right pleural effusion and basilar atelectasis or consolidation .,,,,,,,-1,,-1,,1,,,
there is a right pleural effusion and possible left effusion .,,,,,,,,,,,1,,,
there is a right pleural pigtail catheter .,1,,,,,,,,,,,,,1
there is a right pleural pigtail catheter at the lung base .,1,,,,,,,,,,,,,1
there is a right pleural thickening and calcification that is likely due to prior infection .,,,,,,,,1,,,,1,,
there is a right sided chest tube .,1,,,,,,,,,,,,,1
there is a right sided chest tube and right central venous catheter with tip in the right atrium .,1,,,,,,,,,,,,,1
there is a right-sided chest tube .,1,,,,,,,,,,,,,1
there is a right-sided chest tube with tip directed towards the base .,1,,,,,,,,,,,,,1
"there is a second catheter projecting over the right neck , with tip directed towards aortic arch , which may represent arterial placement .",1,,,,,,,,,,,,,1
there is a small focus of consolidation within the right upper lobe versus fluid within the fissure .,,,,,,,1,,,,,,,
there is a small left and possible small right pleural effusion .,,,,,,,,,,,-1,,,
there is a small left and possible trace right effusion .,,,,,,,,,,,-1,,,
there is a small left apical pneumothorax .,,,,,,,,,,1,,,,
there is a small left basilar opacity which likely represents atelectasis .,,,,,1,,,,1,,,,,
there is a small left pleural effusion .,,,,,,,,,,,1,,,
there is a small left pleural effusion and likely basilar atelectasis .,,,,,,,,,1,,1,,,
there is a small left pleural effusion versus pleural thickening .,,,,,,,,,,,-1,-1,,
there is a small left pleural effusion versus pleural thickening and left basilar opacity most likely representing atelectasis although it could be consolidation .,,,,,1,,-1,,1,,-1,-1,,
there is a small opacity adjacent to the right minor fissure which may represent a small amount of pleural fluid or scarring .,,,,,1,,,,,,-1,,,
there is a small opacity in the right lung base .,,,,,1,,,,,,,,,
there is a small patchy area of consolidation in the right upper lobe .,,,,,,,1,,,,,,,
there is a small right and possible left pleural effusion .,,,,,,,,,,,-1,,,
there is a small right apical pneumothorax .,,,,,,,,,,1,,,,
there is a small right pleural effusion .,,,,,,,,,,,1,,,
there is a small right pneumothorax .,,,,,,,,,,1,,,,
there is a small-sized right pneumothorax .,,,,,,,,,,1,,,,
there is a swan-ganz catheter at the main pulmonary artery .,1,,,,,,,,,,,,,1
there is a swan-ganz catheter with tip in the main pulmonary artery .,1,,,,,,,,,,,,,1
there is a swan-ganz catheter with tip in the right in the main pulmonary artery .,1,,,,,,,,,,,,,1
there is a swan-ganz catheter with tip in the right main pulmonary artery .,1,,,,,,,,,,,,,1
there is a thickening of the left paratracheal stripe which maybe due to rotation .,,,,,,,,,,,,,,
there is a tracheostomy tube with tip overlying the trachea .,,,,,,,,,,,,,,1
there is a vascular stent within the upper mediastinum .,,1,,,,,,,,,,,,
there is a widening of the superior mediastinal likely due to aortic aneurysm .,1,,,,,,,,,,,,,
there is airway wall thickening versus bronchiectasis or ground-glass opacities in the medial right lower lobe and to a lesser extent in the left lower lobe .,,,,,-1,,,,,,,,,
there is also adjacent nodular opacity .,,,,1,1,,,,,,,,,
there is also an aicd with leads in the right atrium and right ventricle .,1,,,,,,,,,,,,,1
there is also an apical medial opacity in the right upper lung which could represent loculated fluid .,,,,,1,,,,,,,,,
there is also overlying soft tissue which may be contributing to this increase density .,,,,,,,,,,,,,,
there is an abnormal cardiomediastinal contour which may be due to aneurysmal aorta .,,1,,,,,,,,,,,,
there is an abnormal mediastinal contour at the ap window .,,1,,,,,,,,,,,,
there is an acute fracture of the left first rib .,,,,,,,,,,,,,1,
there is an adequately positioned left ventricular assist device .,1,,,,,,,,,,,,,1
there is an aicd .,1,,,,,,,,,,,,,1
"there is an aicd / pacer with leads in the right atrium , right ventricle , and coronary sinus .",1,,,,,,,,,,,,,1
there is an aicd / pacer with leads in the right ventricle and coronary sinus .,1,,,,,,,,,,,,,1
there is an aicd cardiac pacer with lead in the right ventricle .,1,,,,,,,,,,,,,1
there is an aicd with lead in the right ventricle .,1,,,,,,,,,,,,,1
there is an aicd with the lead in the right ventricle .,1,,,,,,,,,,,,,1
there is an area of consolidation in the right lower lobe .,,,,,,,1,,,,,,,
there is an endotracheal tube and bilateral chest tubes .,1,,,,,,,,,,,,,1
there is an endotracheal tube in the right mainstem bronchus .,1,,,,,,,,,,,,,1
there is an endotracheal tube which is adequately positioned .,1,,,,,,,,,,,,,1
there is an enlarged cardiac silhouette .,,,1,,,,,,,,,,,
there is an intra-aortic balloon pump approximately 2 centimeters below the top of the aortic arch .,1,,,,,,,,,,,,,
there is an irregular opacity in the right upper lung which could represent a nodule versus scarring .,,,,-1,1,,,,,,,,,
there is an irregular parenchymal opacity projecting over the right hilar-suprahilar region .,,,,,1,,,,,,,,,
there is an ng tube with tip in the stomach .,1,,,,,,,,,,,,,1
there is an opacity at the left lung base which may represent consolidation versus mass .,,,,-1,1,,-1,,,,,,,
there is an opacity in the right upper lung .,,,,,1,,,,,,,,,
there is atelectasis of the right upper lobe which may be due to bronchial obstruction and obstructing lesion .,,,,,,,,,1,,,,,
there is biapical pleural thickening .,,,,,,,,,,,,1,,
there is bibasilar atelectasis .,,,,,,,,,1,,,,,
there is bibasilar atelectasis and likely layering right pleural effusion .,,,,,,,,,1,,1,,,
there is bibasilar atelectasis and low lung volumes .,,,,,,,,,1,,,,,
there is bibasilar atelectasis and small bilateral pleural effusions .,,,,,,,,,1,,1,,,
there is bibasilar atelectasis and small left pleural effusion .,,,,,,,,,1,,1,,,
there is bibasilar atelectasis or consolidation .,,,,,,,-1,,1,,,,,
there is bibasilar atelectasis or consolidation with moderate-sized pleural effusion .,,,,,,,-1,,1,,1,,,
there is bibasilar opacity likely representing atelectasis .,,,,,1,,,,1,,,,,
there is bibasilar opacity which likely represents combination of atelectasis and effusion .,,,,,1,,,,1,,1,,,
there is bibasilar subsegmental atelectasis and small right pleural effusion .,,,,,,,,,1,,1,,,
there is bibasilar subsegmental atelectasis versus scarring .,,,,,-1,,,,-1,,,,,
there is bilateral hilar enlargement .,1,,,,,,,,,,,,,
there is bilateral hilar enlargement likely secondary to enlarged pulmonary arteries .,1,,,,,,,,,,,,,
there is blunting of the costophrenic angles which could represent trace effusion .,,,,,,,,,,,-1,,,
there is cardiomegaly .,,,1,,,,,,,,,,,
there is cardiomegaly and bilateral hilar enlargement likely due to in large pulmonary arteries .,,,1,,,,,,,,,,,
there is cardiomegaly and pneumomediastinum .,,,1,,,,,,,,,,,
there is cardiomegaly and post-operative changes status post aortic stent placement .,,,1,,,,,,,,,,,
there is cardiomegaly enlarged bilateral hila .,,,1,,,,,,,,,,,
there is complete opacification of the left hemithorax .,,,,,1,,,,,,,,,
there is consolidation in the right lower lobe and likely in the right upper lobe .,,,,,,,1,,,,,,,
there is consolidation versus mass in the right upper and possibly lower lung .,,,,-1,,,-1,,,,,,,
there is deformity of the left chest which is likely chronic .,,,,,,,,,,,,,,
"there is diffuse consolidation , right greater than left which could represent edema , pneumonia , or acute lung injury .",,,,,,-1,1,-1,,,,,,
there is diffuse consolidation .,,,,,,,1,,,,,,,
there is diffuse consolidation and ground-glass opacities .,,,,,1,,1,,,,,,,
there is diffuse consolidation and ground-glass opacities in the right lung and possibly in the left lower lobe .,,,,,1,,1,,,,,,,
there is diffuse ground-glass opacity likely representing pulmonary edema .,,,,,1,1,,,,,,,,
there is diffuse interstitial thickening which may represent edema .,,,,,,-1,,,,,,,,
there is diffuse peribronchial thickening .,,,,,1,,,,,,,,,
there is diffuse pulmonary opacity which may represent edema .,,,,,1,-1,,,,,,,,
there is diffuse right lung consolidation and possible mild left basilar consolidation .,,,,,,,1,,,,,,,
there is elevation of right hemidiaphragm .,,,,,,,,,,,,,,
there is elevation of right hemidiaphragm versus subpulmonic effusion .,,,,,,,,,,,-1,,,
there is elevation of the left hemidiaphragm .,,,,,,,,,,,,,,
"there is enlarged , mildly , cardiac silhouette .",,,1,,,,,,,,,,,
there is enlarged cardiac silhouette with probable enlarged fat pad .,,,1,,,,,,,,,,,
there is eventration of the right hemidiaphragm versus bochdalek hernia .,,,,,,,,,,,,,,
there is ground-glass opacity in the left lung .,,,,,1,,,,,,,,,
there is ground-glass opacity in the right lower lobe which could represent atelectasis .,,,,,1,,,,-1,,,,,
there is ground-glass opacity which is likely diffuse .,,,,,1,,,,,,,,,
there is increased lucency of the lungs with architectural distortion suggesting emphysema .,,,,,,,,,,,,,,
there is left basilar atelectasis or consolidation .,,,,,,,-1,,-1,,,,,
there is left basilar atelectasis or consolidation and left pleural effusion .,,,,,,,-1,,-1,,-1,,,
there is left basilar atelectasis or consolidation and small left pleural effusion .,,,,,,,-1,,-1,,-1,,,
there is left basilar atelectasis or consolidation with a left pleural effusion .,,,,,,,-1,,-1,,1,,,
there is left basilar atelectasis or scarring .,,,,,-1,,,,-1,,,,,
there is left basilar opacity likely representing atelectasis .,,,,,1,,,,1,,,,,
there is left basilar opacity likely representing atelectasis and left effusion .,,,,,1,,,,1,,1,,,
there is left basilar opacity most likely representing atelectasis and small left pleural effusion .,,,,,1,,,,1,,1,,,
there is left basilar subsegmental atelectasis .,,,,,,,,,1,,,,,
there is left lower lobe atelectasis or consolidation .,,,,,,,-1,,-1,,,,,
there is left lower lobe consolidation .,,,,,,,1,,,,,,,
there is left perihilar ground-glass opacity likely representing pulmonary edema .,,,,,1,1,,,,,,,,
there is a right perihilar ground-glass opacity,,,,,1,1,,,,,,,,
there is left pleural effusion and basilar atelectasis or consolidation .,,,,,,,-1,,-1,,1,,,
there is left pleural effusion basal atelectasis or consolidation .,,,,,,,-1,,-1,,1,,,
there is left pleural effusion hazy left lung opacity likely represents underlying atelectasis or consolidation .,,,,,1,,-1,,-1,,1,,,
there is left pleural effusion versus pleural thickening .,,,,,,,,,,,-1,-1,,
there is left pleural effusion versus pleural thickening and likely basilar atelectasis .,,,,,,,,,-1,,-1,-1,,
there is left sided subcutaneous emphysema .,,,,,,,,,,,,,,
there is left sided volume loss which is likely due to lung resection .,,,,,,,,,,,,,,
there is left upper lobe consolidation versus mass .,,,,-1,,,-1,,,,,,,
there is likely right basilar atelectasis .,,,,,,,,,1,,,,,
there is lucency of the left upper lung which is likely due to emphysema .,,,,,,,,,,,,,,
there is mild basilar subsegmental atelectasis .,,,,,,,,,1,,,,,
there is mild bibasilar and possible left basilar opacity .,,,,,-1,,,,,,,,,
there is mild bibasilar atelectasis .,,,,,,,,,1,,,,,
there is mild bibasilar atelectasis or consolidation .,,,,,,,-1,,1,,,,,
there is mild bibasilar subsegmental atelectasis .,,,,,,,,,1,,,,,
there is mild cardiomegaly .,,,1,,,,,,,,,,,
there is mild enlargement of the right hilum .,1,,,,,,,,,,,,,
there is mild ground-glass opacity in the right upper lobe .,,,,,1,,,,,,,,,
there is mild left basilar atelectasis .,,,,,,,,,1,,,,,
there is mild left basilar atelectasis or consolidation .,,,,,,,-1,,-1,,,,,
there is mild peribronchial thickening .,,,,,1,,,,,,,,,
there is mild respiratory motion artifact which limits exam .,1,,,,,,,,,,,,,
there is mild reticular and hazy opacities likely representing pulmonary edema .,,,,,1,1,,,,,,,,
there is mild right basilar atelectasis .,,,,,,,,,1,,,,,
there is mild right basilar atelectasis and elevation of the right hemidiaphragm .,,,,,,,,,1,,,,,
there is mild subsegmental atelectasis .,,,,,,,,,1,,,,,
there is mild subsegmental atelectasis in the left lung .,,,,,,,,,1,,,,,
there is mild subsegmental left basilar atelectasis .,,,,,,,,,1,,,,,
there is mildly enlarged cardiac silhouette .,,,1,,,,,,,,,,,
there is minimal bibasilar atelectasis .,,,,,,,,,1,,,,,
there is moderate cardiomegaly .,,,1,,,,,,,,,,,
there is moderate to severe cardiomegaly .,,,1,,,,,,,,,,,
there is more focal consolidation in the right lung base which may represent superimposed pneumonia .,,,,,,,1,-1,,,,,,
there is near complete opacification of the right hemithorax .,,,,,1,,,,,,,,,
there is no consolidation the right lung and atelectasis or consolidation in the left lower lobe .,,,,,,,-1,,-1,,,,,
there is no effusion or pneumothorax .,1,,,,,,,,,0,0,,,
there is no pleural effusion or pleural thickening .,1,,,,,,,,,,0,0,,
there is no pleural effusion or pneumothorax .,1,,,,,,,,,0,0,,,
there is no pleural effusions or pneumothorax .,1,,,,,,,,,0,0,,,
there is no pneumothorax .,1,,,,,,,,,0,,,,
there is patchy areas of ground-glass opacities and consolidation .,,,,,1,,1,,,,,,,
"there is patchy bilateral consolidation , right greater than left .",,,,,,,1,,,,,,,
there is patchy bilateral consolidation .,,,,,,,1,,,,,,,
there is patchy bilateral lower lobe consolidation .,,,,,,,1,,,,,,,
there is patchy consolidation at the left lower lobe .,,,,,,,1,,,,,,,
there is patchy consolidation at the left lower lobe and possibly in the right lower lobe .,,,,,,,-1,,,,,,,
there is patchy consolidation at the lung bases .,,,,,,,1,,,,,,,
there is patchy consolidation in the left lower lobe and possible small area of consolidation in the right lower lobe .,,,,,,,1,,,,,,,
there is patchy consolidation in the left lower lobe and possibly in the right lower lobe versus atelectasis .,,,,,,,-1,,-1,,,,,
there is patchy consolidation in the left lung and right upper lobe .,,,,,,,1,,,,,,,
there is patchy consolidation in the lingula and right middle lobe .,,,,,,,1,,,,,,,
"there is patchy consolidation in the lungs , left greater than right .",,,,,,,1,,,,,,,
there is patchy consolidation in the right lower lobe .,,,,,,,1,,,,,,,
there is patchy consolidation in the right lower lung and in the mid left lung .,,,,,,,1,,,,,,,
there is patchy consolidation in the right lung which could represent asymmetric edema or pneumonia .,,,,,,-1,1,-1,,,,,,
there is patchy consolidation in the left lower lobe and possibly in the right lower lobe,,,,,,-1,1,-1,,,,,,
there is patchy consolidation of the left lung and right lower lobe .,,,,,,,1,,,,,,,
there is patchy consolidation the right lung and left lower lobe .,,,,,,,1,,,,,,,
there is patchy diffuse consolidation .,,,,,,,1,,,,,,,
there is patchy lower lobe predominant consolidation .,,,,,,,1,,,,,,,
there is patchy perihilar consolidation .,,,,,,,1,,,,,,,
there is patchy right lung and a left upper lobe consolidation .,,,,,,,1,,,,,,,
there is peribronchial thickening and perihilar opacities which may represent edema .,,,,,1,-1,,,,,,,,
there is peripheral basal-predominant ground-glass opacities .,,,,,1,,,,,,,,,
there is possible bibasilar atelectasis or consolidation .,,,,,,,-1,,-1,,,,,
there is possible changes status post bypass graft .,1,,,,,,,,,,,,,
there is possible left basilar atelectasis or consolidation .,,,,,,,-1,,-1,,,,,
there is possible left basilar atelectasis or ground-glass opacity .,,,,,-1,,,,-1,,,,,
there is possible left basilar opacity .,,,,,-1,,,,,,,,,
there is possible left bibasilar atelectasis .,,,,,,,,,-1,,,,,
there is possible mild basilar atelectasis .,,,,,,,,,-1,,,,,
there is possible mild interstitial edema .,,,,,,-1,,,,,,,,
there is possible mild interstitial pulmonary edema .,,,,,,-1,,,,,,,,
there is possible right basilar ground-glass opacity .,,,,,-1,,,,,,,,,
there is possible right basilar ground-glass opacity versus overlying soft tissue .,,,,,-1,,,,,,,,,
there is possible right pleural effusion and basilar atelectasis or consolidation .,,,,,,,-1,,-1,,-1,,,
there is possible small left pleural effusion .,,,,,,,,,,,-1,,,
there is possible small right pleural effusion versus pleural thickening and possible post-surgical changes .,,,,,,,,,,,-1,-1,,
there is possible trace right pneumothorax .,,,,,,,,,,-1,,,,
there is possibly a lower lobe predominant reticular opacity suggesting associated interstitial lung disease .,,,,,1,,,,,,,,,
there is right basilar atelectasis .,,,,,,,,,1,,,,,
there is right basilar atelectasis or consolidation .,,,,,,,-1,,-1,,,,,
there is right basilar atelectasis or scarring .,,,,,-1,,,,-1,,,,,
there is right basilar consolidation and possible effusion .,,,,,,,1,,,,-1,,,
there is right basilar mild ground-glass opacity .,,,,,1,,,,,,,,,
there is right basilar opacity like representing effusion and atelectasis or consolidation .,,,,,1,,-1,,-1,,1,,,
there is right basilar opacity which may represent atelectasis or consolidation .,,,,,1,,-1,,-1,,,,,
there is right basilar subsegmental atelectasis .,,,,,,,,,1,,,,,
there is right pleural effusion and likely basilar atelectasis .,,,,,,,,,1,,1,,,
there is right pleural effusion versus pleural thickening .,,,,,,,,,,,-1,-1,,
there is right pleural effusion which may be loculated .,,,,,,,,,,,1,,,
there is right upper lobe and left upper lobe consolidation .,,,,,,,1,,,,,,,
there is right upper lobe consolidation and possible left lower lobe consolidation .,,,,,,,1,,,,,,,
there is right upper lobe consolidation likely representing atelectasis .,,,,,,,1,,1,,,,,
there is scoliosis with convexity to the right .,,,,,,,,,,,,,,
there is slight widening of the superior mediastinum likely due to tortuous or ectatic aorta .,,1,,,,,,,,,,,,
there is slight widening of the superior mediastinum which may be due to vessels .,,1,,,,,,,,,,,,
there is subcutaneous emphysema .,,,,,,,,,,,,,,
there is subcutaneous emphysema overlying the left chest .,,,,,,,,,,,,,,
there is subsegmental atelectasis or scarring at the lung bases .,,,,,-1,,,,1,,,,,
there is tortuosity or ectasia of the aorta .,1,,,,,,,,,,,,,
there is trace right pleural effusion .,,,,,,,,,,,1,,,
there is upper lobe predominant perihilar reticular opacities with volume loss .,,,,,1,,,,,,,,,
there is widening of the mediastinum due to tortuous aorta and large hiatal hernia .,,1,,,,,,,,,,,,
there is widening of the superior mediastinal likely due to aortic aneurysm .,1,,,,,,,,,,,,,
there is widening of the superior mediastinum which could be due to a dilated esophagus .,,1,,,,,,,,,,,,
there is widening of the superior mediastinum which may be due to possible structures .,,1,,,,,,,,,,,,
there may be a small amount of fluid in the right fissure .,,,,,,,,,,,,,,
there opacities at the right lung base which may represent atelectasis or consolidation .,,,,,1,,-1,,-1,,,,,
thin catheter overlies the right heart .,1,,,,,,,,,,,,,1
"thin catheter tubing overlies the right hemithorax , question ventriculoperitoneal shunt .",1,,,,,,,,,,,,,1
this could also be partly due to large epicardial fat pad .,1,,,,,,,,,,,,,
this may represent a focal pleural or extra pleural abnormality .,1,,,,,,,,,,,,,
"this may represent an area of atelectasis , consolidation or nodule .",,,,-1,,,-1,,-1,,,,,
this may represent areas of atelectasis or aspiration .,,,,,,,,,-1,,,,,
thoracic aorta is ectatic .,1,,,,,,,,,,,,,
"thoracic aorta is tortuous , ascending aorta may be enlarged .",1,,,,,,,,,,,,,
thoracic spinal fixation hardware is present .,1,,,,,,,,,,,,,1
thoracic spine fixation hardware is present .,1,,,,,,,,,,,,,1
thoracostomy tube and left picc in satisfactory position .,1,,,,,,,,,,,,,1
thoracostomy tube in satisfactory position .,1,,,,,,,,,,,,,1
tip may project over the stomach or proximal small bowel .,1,,,,,,,,,,,,,
tip of the dialysis catheter is in the right atrium .,1,,,,,,,,,,,,,1
tip of the feeding tube is below the diaphragm .,1,,,,,,,,,,,,,1
tip of the feeding tube is coiled in the stomach .,1,,,,,,,,,,,,,1
tip of the feeding tube is in the duodenum .,1,,,,,,,,,,,,,1
tip of the feeding tube is in the stomach .,1,,,,,,,,,,,,,1
tip of the left ij catheter is not well seen .,1,,,,,,,,,,,,,1
tip of the nasogastric tube is curled in a hiatal hernia .,,,,,,,,,,,,,,1
tip of the ng and feeding tube are below the diaphragm .,1,,,,,,,,,,,,,1
tip of the ng tube is below the diaphragm .,1,,,,,,,,,,,,,1
tip of the ng tube is in the stomach .,1,,,,,,,,,,,,,1
tip of the ng tube is just within the stomach .,1,,,,,,,,,,,,,1
tip of the ng tube is likely in the stomach .,1,,,,,,,,,,,,,1
tip of the ng tube is not visualized .,1,,,,,,,,,,,,,1
tip of the ng tube is not well seen .,1,,,,,,,,,,,,,1
tip of the ng tube is not well visualized .,1,,,,,,,,,,,,,1
tip of the ng tube is not well visualized but likely within the stomach .,1,,,,,,,,,,,,,1
tip of the right internal jugular catheter is in the right main pulmonary artery .,1,,,,,,,,,,,,,1
tip of the right internal jugular catheter is in the superior vena cava .,1,,,,,,,,,,,,,1
tip of the right picc line and left subclavian catheter are in the svc .,1,,,,,,,,,,,,,1
tip of the right picc line is at the cavoatrial junction .,1,,,,,,,,,,,,,1
tip of the tracheostomy tube is in the trachea .,,,,,,,,,,,,,,1
tip of the tracheostomy tube overlies the trachea .,,,,,,,,,,,,,,1
tips catheter projects over the hepatic contour .,,1,,,,,,,,,,,,1
tortuous descending thoracic aorta .,1,,,,,,,,,,,,,
tortuous ectatic aorta .,1,,,,,,,,,,,,,
trace apical airway wall thickening .,,,,,1,,,,,,,,,
trace bilateral pleural effusions .,,,,,,,,,,,1,,,
trace bilateral pleural effusions noted .,,,,,,,,,,,1,,,
trace blunting of the costophrenic angles may represent trace pleural effusions .,,,,,,,,,,,-1,,,
trace left and probably trace right pleural effusion .,,,,,,,,,,,1,,,
trace left apical pneumothorax .,,,,,,,,,,1,,,,
trace left pleural effusion .,,,,,,,,,,,1,,,
trace left pleural effusion noted .,,,,,,,,,,,1,,,
trace left pleural effusion or pleural scarring .,,,,,,,,,,,-1,-1,,
trace left pleural effusion versus overlying soft tissue .,,,,,,,,,,,-1,,,
trace left pleural effusion versus pleural thickening .,,,,,,,,,,,-1,-1,,
trace left pneumothorax .,,,,,,,,,,1,,,,
trace pleural effusion .,,,,,,,,,,,1,,,
trace pleural effusions .,,,,,,,,,,,1,,,
trace pleural fluid along the right minor fissure .,,,,,,,,,,,1,,,
trace pleural fluid at the right apex .,,,,,,,,,,,1,,,
trace right and small left pleural effusion .,,,,,,,,,,,1,,,
trace right apical pleural scarring .,,,,,,,,,,,,1,,
trace right apical pneumothorax .,,,,,,,,,,1,,,,
trace right effusion .,,,,,,,,,,,1,,,
trace right pleural effusion .,,,,,,,,,,,1,,,
trace right pleural effusion and small pneumothorax .,,,,,,,,,,1,1,,,
trace right pleural effusion versus blunting of the costophrenic angle .,,,,,,,,,,,-1,,,
trace right pleural effusion versus pleural thickening .,,,,,,,,,,,-1,-1,,
trace right pneumothorax .,,,,,,,,,,1,,,,
trace subcutaneous emphysema in soft tissues of the right chest wall .,,,,,,,,,,,,,,
tracheal tube is properly positioned .,1,,,,,,,,,,,,,1
tracheostomy tube and central venous catheters are properly positioned .,,,,,,,,,,,,,,1
tracheostomy tube and left picc in satisfactory position .,,,,,,,,,,,,,,1
tracheostomy tube in satisfactory position .,,,,,,,,,,,,,,1
tracheostomy tube is adequately positioned .,,,,,,,,,,,,,,1
tracheostomy tube is overlying the trachea .,,,,,,,,,,,,,,1
tracheostomy tube is present .,,,,,,,,,,,,,,1
tracheostomy tube is properly positioned .,,,,,,,,,,,,,,1
tracheostomy tube overlies the trachea .,,,,,,,,,,,,,,1
tracheostomy tube tip and right picc in satisfactory position .,,,,,,,,,,,,,,1
tracheostomy tube tip is in the trachea .,,,,,,,,,,,,,,1
tracheostomy tube tip overlies trachea .,,,,,,,,,,,,,,1
tracheostomy tube tip projects over the lower trachea .,,,,,,,,,,,,,,1
tracheostomy tube tip projects over the mid trachea .,,,,,,,,,,,,,,1
tracheostomy tube with tip in the upper trachea .,,,,,,,,,,,,,,1
transcatheter aortic valve prosthesis .,1,,,,,,,,,,,,,1
tricuspid and mitral valve annuloplasty rings .,1,,,,,,,,,,,,,1
tricuspid annuloplasty ring .,1,,,,,,,,,,,,,
tricuspid annuloplasty ring and aortic valve prosthesis are also present .,1,,,,,,,,,,,,,1
tricuspid annuloplasty ring is present .,1,,,,,,,,,,,,,
tricuspid valve annuloplasty ring .,1,,,,,,,,,,,,,1
tunneled dual lumen right ij approach central venous catheter tip projects over the right atrium .,1,,,,,,,,,,,,,1
tunneled left cvc approach dual lumen catheter tip projects over the superior cavoatrial junction .,1,,,,,,,,,,,,,1
tunneled right ij approach central venous catheter tips project over the superior cavoatrial junction .,1,,,,,,,,,,,,,1
tunneled right ij central venous catheter tip projects over the right atrium .,1,,,,,,,,,,,,,1
tunneled right ij cvc tip projects over the right atrium .,1,,,,,,,,,,,,,
tunneled right ij cvc tip projects over the superior cavoatrial junction .,1,,,,,,,,,,,,,
tunneled right ij dual lumen central venous catheter tip projects over the right atrium .,1,,,,,,,,,,,,,1
tunneled right ij dual lumen central venous catheter tips project over the superior cavoatrial junction and right atrium .,1,,,,,,,,,,,,,1
two dense nodular opacities projecting over the left lung likely represent calcified pulmonary granulomas .,,,,1,1,,,,,,,,,
two left pleural space pigtail drainage catheters .,1,,,,,,,,,,,,,1
two left thoracostomy tubes .,1,,,,,,,,,,,,,1
two left-sided chest tubes are noted .,1,,,,,,,,,,,,,1
two right pleural space chest tubes are present .,1,,,,,,,,,,,,,1
two right pleural space drainage tubes are present .,1,,,,,,,,,,,,,1
two right-sided chest tubes are seen .,1,,,,,,,,,,,,,1
two small foci of soft tissue emphysema in the lateral right chest wall .,,,,,,,,,,,,,,
two small pulmonary nodules in the left lung .,,,,1,,,,,,,,,,
two small surgical clips project over the lower left hemithorax .,1,,,,,,,,,,,,,
uncomplicated appearance of left pectoral dual-chamber cardiac pacemaker .,1,,,,,,,,,,,,,1
underexposed chest radiograph .,1,,,,,,,,,,,,,
upper lobe lucency and basilar pruning suggesting emphysema .,,,,,,,,,,,,,,
upper lobe lucency is consistent with emphysema .,,,,,,,,,,,,,,
upper lobe predominant multifocal bilateral parenchymal opacities .,,,,,1,,,,,,,,,
upper lung zone and perihilar fibrosis .,,,,,,,,,,,,1,,
upper thoracic spinal fixation hardware is present .,1,,,,,,,,,,,,,1
vagal neural stimulator .,1,,,,,,,,,,,,,
vagal neural stimulator projects over the left chest .,1,,,,,,,,,,,,,
valvular annuloplasty ring .,1,,,,,,,,,,,,,
vascular stent is present in the descending thoracic aorta .,1,,,,,,,,,,,,,
vascular stent of the left brachiocephalic vein and upper-mid svc .,1,,,,,,,,,,,,,
vascular stent overlies the ascending aorta .,1,,,,,,,,,,,,,
vascular stent overlies the left lower neck .,1,,,,,,,,,,,,,
vascular stent projects over the left mediastinum .,,1,,,,,,,,,,,,
vascular stent projects over the right upper hemithorax .,1,,,,,,,,,,,,,
"veiling opacity projecting over the left lung base may represent prominent inferior mediastinal fat , or less likely pleural effusion .",,,,,1,,,,,,-1,,,
veiling opacity projects over the left lung base .,,,,,1,,,,,,,,,
veiling opacity within the lateral right lung base may represent parenchymal consolidation or pleural fluid .,,,,,1,,-1,,,,-1,,,
very small left apical pneumothorax is present .,,,,,,,,,,1,,,,
vessel graft projects over the left axilla .,1,,,,,,,,,,,,,
visible sternal wires are intact .,1,,,,,,,,,,,,,
visualized lungs appear clear without consolidation or pulmonary edema .,1,,,,,0,0,,,,,,,
"visualized portions of the cardiac silhouette are normal , but obscured .",,,1,,,,,,,,,,,
visualized portions of the cardiac silhouette are normal .,1,,0,,,,,,,,,,,
visualized portions of the cardiomediastinal silhouette are normal .,1,0,,,,,,,,,,,,
visualized portions of the cardiomediastinal silhouette are within normal .,1,0,,,,,,,,,,,,
visualized portions of the cardiomediastinal silhouette are within normal for patient rotation and technique .,1,0,,,,,,,,,,,,
visualized portions of the cardiomediastinal silhouette are within normal for portable technique .,1,0,,,,,,,,,,,,
visualized portions of the endotracheal tube and gastric tube are well positioned .,1,,,,,,,,,,,,,1
visualized portions of the gastric tube are well positioned .,1,,,,,,,,,,,,,1
visualized portions of the gastric tube course below the diaphragm .,1,,,,,,,,,,,,,1
visualized portions of the lung parenchyma are clear .,1,,,,,,,,,,,,,
"visualized portions of the support apparatus are well positioned , accounting for rotation .",1,,,,,,,,,,,,,1
visualized portions of the support apparatus are well positioned .,1,,,,,,,,,,,,,1
visualized portions of the support apparatus are within normal .,1,,,,,,,,,,,,,1
visualized portions of the support devices are well positioned .,1,,,,,,,,,,,,,1
visualized portions the cardiomediastinal silhouette are normal .,1,0,,,,,,,,,,,,
visualized support apparatus is well positioned .,1,,,,,,,,,,,,,1
volume loss is seen in the right lung .,,,,,,,,,,,,,,
volume loss of the right lung and hazy right hilar opacity likely represent post-surgical changes .,,,,,1,,,,,,,,,
"well-defined lucencies in the left humeral neck , not aggressive in appearance .",1,,,,,,,,,,,,,
"well-positioned endotracheal tube , and gastric tube .",1,,,,,,,,,,,,,1
"well-positioned endotracheal tube , visualized portions of the gastric tube , and left picc line .",1,,,,,,,,,,,,,1
well-positioned endotracheal tube .,1,,,,,,,,,,,,,1
well-positioned endotracheal tube and gastric tube .,1,,,,,,,,,,,,,1
well-positioned enteric tube and gastric tube .,1,,,,,,,,,,,,,1
well-positioned gastric tube .,1,,,,,,,,,,,,,1
well-positioned support apparatus .,1,,,,,,,,,,,,,1
well-positioned support devices .,1,,,,,,,,,,,,,1
widened mediastinal contour .,,1,,,,,,,,,,,,
widened mediastinal contours .,,1,,,,,,,,,,,,
widened mediastinum .,,1,,,,,,,,,,,,
widened superior mediastinal contour on the right .,,1,,,,,,,,,,,,
widened superior mediastinal contours .,,1,,,,,,,,,,,,
widened superior mediastinal is likely due to tortuous or ecstatic aorta .,1,,,,,,,,,,,,,
widened superior mediastinum .,,1,,,,,,,,,,,,
widening of left para-aortic mediastinum is questionably present .,,1,,,,,,,,,,,,
widening of the superior mediastinal is likely due to ectatic aorta .,1,,,,,,,,,,,,,
